Timestamp,Age ,Year  ,"  On average, how many hours do you sleep per night?  ",  How many hours per day do you spend on screens (phone/laptop) outside academic work?  ,"  How often have you felt nervous, anxious, or on edge?  ",How often have you had trouble relaxing? ,How often have you had little interest or pleasure in doing things? ,"  How often have you felt down, depressed, or hopeless?  ",How often have you had trouble concentrating on your studies/assignments?  ,How often have you felt unable to control important things in your academic life?  ,  How often have you felt confident about handling your personal/academic problems?  ,How would you rate your current class attendance? 
sdv-id-cGdJdO,18,3,6–7 hrs,2–4 hrs,Nearly every day,More than half the days,Not at all,Not at all,More than half the days,Sometimes,Almost never,75–90%
sdv-id-RobqlN,22,4,4–5 hrs,2–4 hrs,More than half the days,More than half the days,Several days,Several days,Not at all,Sometimes,Sometimes,75–90%
sdv-id-wqLqVL,22,3,4–5 hrs,6–8 hrs,Nearly every day,Nearly every day,More than half the days,Nearly every day,Several days,Almost never,Sometimes,75–90%
sdv-id-uoQioU,19,3,5–6 hrs,2–4 hrs,Several days,Several days,More than half the days,Several days,Not at all,Almost never,Sometimes,90%+
sdv-id-QxblfE,20,3,6–7 hrs,2–4 hrs,Not at all,Not at all,Not at all,Several days,More than half the days,Almost never,Almost never,75–90%
sdv-id-gUZXLV,19,2,7–8 hrs,4–6 hrs,Several days,More than half the days,More than half the days,Several days,More than half the days,Fairly often,Almost never,75–90%
sdv-id-oSGzZV,17,1,7–8 hrs,4–6 hrs,Several days,Several days,Several days,Several days,Several days,Fairly often,Sometimes,75–90%
sdv-id-hbXCfo,17,3,<4 hrs,4–6 hrs,Several days,Not at all,Several days,Several days,Several days,Fairly often,Fairly often,60–75%
sdv-id-MXRHaV,22,3,7–8 hrs,6–8 hrs,Several days,Not at all,More than half the days,Several days,Several days,Almost never,Very often,75–90%
sdv-id-HxANWh,17,2,7–8 hrs,6–8 hrs,More than half the days,More than half the days,Several days,Several days,Not at all,Almost never,Never,75–90%
sdv-id-uisqKd,22,4,7–8 hrs,6–8 hrs,Not at all,Several days,More than half the days,Nearly every day,Several days,Sometimes,Fairly often,75–90%
sdv-id-ipSOae,20,2,6–7 hrs,2–4 hrs,Not at all,Several days,Several days,Several days,Several days,Never,Fairly often,75–90%
sdv-id-JdmCAx,20,2,6–7 hrs,6–8 hrs,Nearly every day,Several days,Not at all,Not at all,More than half the days,Sometimes,Fairly often,90%+
sdv-id-jCvgIh,18,4,7–8 hrs,6–8 hrs,Several days,Not at all,Several days,Several days,Several days,Almost never,Sometimes,75–90%
sdv-id-dYWByf,21,3,7–8 hrs,4–6 hrs,Several days,More than half the days,More than half the days,Several days,More than half the days,Almost never,Almost never,60–75%
sdv-id-JdYyLy,22,4,<4 hrs,6–8 hrs,Nearly every day,More than half the days,More than half the days,Nearly every day,More than half the days,Very often,Sometimes,90%+
sdv-id-MuoWKH,22,4,7–8 hrs,4–6 hrs,Several days,Several days,More than half the days,Several days,Several days,Fairly often,Almost never,90%+
sdv-id-aRDIsg,21,3,6–7 hrs,2–4 hrs,More than half the days,Nearly every day,More than half the days,Several days,More than half the days,Almost never,Sometimes,75–90%
sdv-id-vdylgJ,21,2,6–7 hrs,4–6 hrs,Not at all,Not at all,More than half the days,Several days,Not at all,Almost never,Sometimes,75–90%
sdv-id-yLyYCt,22,3,7–8 hrs,4–6 hrs,Several days,Several days,Several days,Not at all,More than half the days,Almost never,Fairly often,90%+
sdv-id-RgMCqQ,19,1,7–8 hrs,4–6 hrs,Several days,Not at all,Several days,Not at all,Not at all,Sometimes,Almost never,75–90%
sdv-id-fFDCnC,21,4,5–6 hrs,6–8 hrs,Nearly every day,Not at all,Not at all,Not at all,Not at all,Almost never,Sometimes,75–90%
sdv-id-hNBReB,21,3,7–8 hrs,6–8 hrs,More than half the days,More than half the days,Several days,More than half the days,Not at all,Almost never,Sometimes,90%+
sdv-id-oZDoSF,22,2,<4 hrs,6–8 hrs,More than half the days,Not at all,More than half the days,Not at all,Not at all,Fairly often,Sometimes,60–75%
sdv-id-VEtrlS,20,3,6–7 hrs,2–4 hrs,More than half the days,More than half the days,Not at all,Not at all,Nearly every day,Almost never,Sometimes,90%+
sdv-id-uTAaYx,20,3,7–8 hrs,4–6 hrs,Not at all,Not at all,Not at all,More than half the days,Several days,Sometimes,Sometimes,75–90%
sdv-id-TBtrFg,21,3,<4 hrs,2–4 hrs,Several days,More than half the days,More than half the days,Several days,Not at all,Almost never,Sometimes,90%+
sdv-id-udIOEI,22,1,5–6 hrs,2–4 hrs,Several days,Several days,More than half the days,Several days,More than half the days,Almost never,Fairly often,60–75%
sdv-id-hBaBfX,17,2,4–5 hrs,6–8 hrs,Several days,Several days,Several days,Several days,More than half the days,Fairly often,Almost never,60–75%
sdv-id-BWxiXz,19,2,6–7 hrs,4–6 hrs,Several days,More than half the days,More than half the days,Several days,Nearly every day,Almost never,Very often,75–90%
sdv-id-tDdXPE,18,1,6–7 hrs,2–4 hrs,Several days,Not at all,Several days,Several days,More than half the days,Fairly often,Fairly often,90%+
sdv-id-AILFLo,23,2,5–6 hrs,2–4 hrs,Several days,More than half the days,Not at all,Several days,More than half the days,Almost never,Fairly often,90%+
sdv-id-xuSroC,20,3,6–7 hrs,4–6 hrs,Not at all,Not at all,Not at all,Not at all,Not at all,Almost never,Sometimes,75–90%
sdv-id-LXeggy,19,3,7–8 hrs,4–6 hrs,Nearly every day,Several days,More than half the days,Nearly every day,Not at all,Sometimes,Very often,75–90%
sdv-id-xcjQvl,20,2,7–8 hrs,4–6 hrs,Not at all,More than half the days,More than half the days,Not at all,More than half the days,Fairly often,Sometimes,75–90%
sdv-id-BlruVD,22,3,5–6 hrs,4–6 hrs,Not at all,Several days,Several days,Several days,Several days,Almost never,Sometimes,75–90%
sdv-id-uvJhAF,20,3,5–6 hrs,4–6 hrs,Nearly every day,More than half the days,More than half the days,Nearly every day,Nearly every day,Sometimes,Sometimes,60–75%
sdv-id-QmCkRD,22,3,5–6 hrs,4–6 hrs,Several days,Several days,Several days,Several days,Several days,Sometimes,Sometimes,75–90%
sdv-id-HWgdPd,23,4,5–6 hrs,6–8 hrs,More than half the days,Not at all,More than half the days,Not at all,Several days,Never,Fairly often,90%+
sdv-id-uRfytC,17,3,6–7 hrs,6–8 hrs,Several days,Several days,Several days,Several days,Several days,Very often,Fairly often,75–90%
sdv-id-coEWBL,21,1,6–7 hrs,4–6 hrs,Several days,Not at all,Several days,Several days,Several days,Almost never,Almost never,75–90%
sdv-id-BiRSLF,21,3,6–7 hrs,4–6 hrs,Several days,More than half the days,Not at all,More than half the days,Several days,Very often,Sometimes,75–90%
sdv-id-lYewzk,19,4,6–7 hrs,4–6 hrs,Not at all,Several days,More than half the days,Several days,More than half the days,Never,Fairly often,60–75%
sdv-id-ByQBrJ,21,3,<4 hrs,6–8 hrs,Not at all,Several days,Not at all,Not at all,More than half the days,Almost never,Fairly often,75–90%
sdv-id-pQzlgS,22,3,<4 hrs,4–6 hrs,Several days,Several days,Several days,Several days,Several days,Sometimes,Sometimes,75–90%
sdv-id-LiqUuT,19,3,6–7 hrs,4–6 hrs,More than half the days,Not at all,Not at all,More than half the days,Several days,Sometimes,Never,60–75%
sdv-id-FVqvpt,20,1,7–8 hrs,6–8 hrs,More than half the days,Not at all,Not at all,Not at all,Not at all,Almost never,Fairly often,90%+
sdv-id-gkwAXR,21,2,5–6 hrs,2–4 hrs,Several days,Several days,More than half the days,Several days,Several days,Almost never,Sometimes,90%+
sdv-id-jldlmp,21,2,7–8 hrs,4–6 hrs,Several days,Not at all,Several days,Several days,Not at all,Almost never,Sometimes,75–90%
sdv-id-CqIjyv,18,1,7–8 hrs,4–6 hrs,Several days,Not at all,Several days,Several days,Several days,Almost never,Fairly often,75–90%
sdv-id-fEMVAZ,18,1,7–8 hrs,2–4 hrs,Several days,Several days,Several days,Several days,Not at all,Never,Fairly often,90%+
sdv-id-gYqHki,21,2,4–5 hrs,4–6 hrs,Nearly every day,Nearly every day,Not at all,Several days,More than half the days,Never,Fairly often,75–90%
sdv-id-OYfXbR,21,4,7–8 hrs,2–4 hrs,Several days,Several days,Several days,Several days,Several days,Sometimes,Sometimes,75–90%
sdv-id-BxXars,21,3,6–7 hrs,6–8 hrs,Several days,Several days,Several days,Several days,Several days,Almost never,Fairly often,75–90%
sdv-id-IxqZGn,18,2,4–5 hrs,2–4 hrs,Not at all,More than half the days,Several days,Not at all,Nearly every day,Almost never,Almost never,75–90%
sdv-id-LmeWdQ,19,1,6–7 hrs,4–6 hrs,Several days,Several days,Several days,Several days,Several days,Almost never,Fairly often,75–90%
sdv-id-okiEjR,18,3,7–8 hrs,6–8 hrs,Not at all,More than half the days,More than half the days,Several days,Not at all,Almost never,Sometimes,60–75%
sdv-id-tPrBcI,21,1,7–8 hrs,4–6 hrs,Nearly every day,Several days,Not at all,Several days,More than half the days,Very often,Fairly often,90%+
sdv-id-aPiefT,21,4,6–7 hrs,8+ hrs,Nearly every day,Not at all,Several days,More than half the days,More than half the days,Fairly often,Sometimes,90%+
sdv-id-jGCTfk,20,2,7–8 hrs,4–6 hrs,Several days,Nearly every day,Not at all,Not at all,More than half the days,Very often,Sometimes,75–90%
sdv-id-oGlhxh,19,1,5–6 hrs,2–4 hrs,Several days,Not at all,More than half the days,Not at all,More than half the days,Fairly often,Fairly often,75–90%
sdv-id-SoGxWs,19,2,5–6 hrs,4–6 hrs,Several days,Not at all,Not at all,Several days,Not at all,Very often,Sometimes,75–90%
sdv-id-egvkck,21,3,7–8 hrs,2–4 hrs,Several days,Several days,Several days,Several days,More than half the days,Fairly often,Fairly often,90%+
sdv-id-Nfvihx,23,3,5–6 hrs,8+ hrs,More than half the days,More than half the days,More than half the days,More than half the days,Not at all,Almost never,Sometimes,60–75%
sdv-id-gUHiAn,20,1,5–6 hrs,6–8 hrs,Not at all,Several days,Several days,Several days,Several days,Fairly often,Almost never,75–90%
sdv-id-fvSKav,17,3,6–7 hrs,4–6 hrs,Not at all,Not at all,More than half the days,Several days,Nearly every day,Fairly often,Almost never,60–75%
sdv-id-ekjXuH,20,3,6–7 hrs,6–8 hrs,Not at all,More than half the days,More than half the days,Several days,Not at all,Very often,Sometimes,<60%
sdv-id-NFrtzY,23,2,5–6 hrs,6–8 hrs,Several days,Several days,Several days,Several days,Several days,Almost never,Sometimes,75–90%
sdv-id-nofrWG,22,3,5–6 hrs,4–6 hrs,Nearly every day,Several days,More than half the days,Nearly every day,Not at all,Sometimes,Sometimes,60–75%
sdv-id-cBzXSq,22,4,5–6 hrs,4–6 hrs,Several days,Several days,Several days,Several days,Several days,Almost never,Fairly often,75–90%
sdv-id-JRpRGR,23,3,6–7 hrs,6–8 hrs,Not at all,Not at all,Several days,Several days,Not at all,Sometimes,Sometimes,75–90%
sdv-id-DTSCvX,17,2,7–8 hrs,4–6 hrs,Several days,More than half the days,More than half the days,Several days,Several days,Fairly often,Sometimes,75–90%
sdv-id-tFiGVq,22,3,6–7 hrs,4–6 hrs,Several days,Several days,Several days,Not at all,Several days,Sometimes,Fairly often,75–90%
sdv-id-eGNCZA,20,3,5–6 hrs,4–6 hrs,Several days,Several days,Several days,Several days,Several days,Almost never,Almost never,90%+
sdv-id-rJXsRG,23,3,7–8 hrs,4–6 hrs,Several days,More than half the days,Not at all,More than half the days,More than half the days,Very often,Fairly often,75–90%
sdv-id-QZdQML,22,3,6–7 hrs,4–6 hrs,More than half the days,More than half the days,More than half the days,Not at all,Not at all,Sometimes,Sometimes,75–90%
sdv-id-VQQMgF,23,4,7–8 hrs,4–6 hrs,Several days,Several days,More than half the days,Not at all,Several days,Almost never,Fairly often,90%+
sdv-id-nGvtUC,19,1,<4 hrs,4–6 hrs,Nearly every day,More than half the days,More than half the days,Not at all,Not at all,Almost never,Sometimes,75–90%
sdv-id-jXTPnV,20,3,7–8 hrs,6–8 hrs,Several days,Not at all,Several days,Several days,Several days,Almost never,Sometimes,75–90%
sdv-id-SMXIDU,18,2,7–8 hrs,2–4 hrs,Several days,Several days,More than half the days,Several days,Not at all,Fairly often,Fairly often,75–90%
sdv-id-hEAQhh,17,1,4–5 hrs,2–4 hrs,Nearly every day,Not at all,Not at all,Several days,More than half the days,Fairly often,Sometimes,75–90%
sdv-id-UoOGbN,23,3,7–8 hrs,4–6 hrs,Several days,More than half the days,Not at all,Not at all,Not at all,Sometimes,Almost never,60–75%
sdv-id-xkwYvI,18,1,4–5 hrs,6–8 hrs,Nearly every day,Not at all,Not at all,Not at all,More than half the days,Almost never,Almost never,75–90%
sdv-id-LGkNvO,20,1,6–7 hrs,4–6 hrs,More than half the days,Not at all,More than half the days,Not at all,Nearly every day,Almost never,Fairly often,90%+
sdv-id-FAfnNh,23,3,5–6 hrs,4–6 hrs,More than half the days,Several days,More than half the days,More than half the days,Not at all,Sometimes,Sometimes,90%+
sdv-id-pXaBRv,21,3,6–7 hrs,6–8 hrs,More than half the days,More than half the days,More than half the days,Not at all,More than half the days,Almost never,Sometimes,60–75%
sdv-id-DtxWtn,19,2,4–5 hrs,4–6 hrs,Several days,Not at all,Not at all,Not at all,Not at all,Fairly often,Almost never,75–90%
sdv-id-RAuONG,23,3,6–7 hrs,2–4 hrs,Several days,Several days,Several days,Several days,Several days,Almost never,Sometimes,90%+
sdv-id-lbaQKF,20,3,4–5 hrs,2–4 hrs,More than half the days,Several days,Several days,Not at all,Several days,Very often,Sometimes,75–90%
sdv-id-mRfRhE,20,1,6–7 hrs,4–6 hrs,Several days,Several days,More than half the days,Several days,Several days,Very often,Sometimes,75–90%
sdv-id-gNQzmm,22,3,5–6 hrs,4–6 hrs,More than half the days,Several days,More than half the days,Not at all,Several days,Very often,Sometimes,75–90%
sdv-id-vZGKfm,19,2,6–7 hrs,6–8 hrs,Several days,More than half the days,Not at all,Not at all,More than half the days,Almost never,Fairly often,75–90%
sdv-id-JfVSta,17,3,6–7 hrs,4–6 hrs,Not at all,Not at all,Not at all,Not at all,More than half the days,Never,Almost never,60–75%
sdv-id-vDONwV,20,3,4–5 hrs,4–6 hrs,Several days,Not at all,Not at all,Several days,Not at all,Sometimes,Very often,60–75%
sdv-id-gsUqoY,22,3,5–6 hrs,6–8 hrs,Not at all,Not at all,More than half the days,More than half the days,Several days,Sometimes,Never,75–90%
sdv-id-eZrNQc,21,3,6–7 hrs,6–8 hrs,Several days,Several days,Several days,Several days,Not at all,Sometimes,Sometimes,75–90%
sdv-id-LVDNdN,21,1,6–7 hrs,4–6 hrs,Several days,Not at all,More than half the days,Several days,More than half the days,Sometimes,Fairly often,75–90%
sdv-id-XhOhTY,22,1,5–6 hrs,4–6 hrs,Several days,Several days,Not at all,Several days,More than half the days,Almost never,Fairly often,75–90%
sdv-id-CBcqzH,22,2,6–7 hrs,4–6 hrs,Several days,More than half the days,More than half the days,Several days,More than half the days,Almost never,Fairly often,75–90%
sdv-id-IzNARr,18,3,4–5 hrs,4–6 hrs,Several days,More than half the days,Several days,Not at all,Nearly every day,Very often,Sometimes,60–75%
sdv-id-CjLkKh,19,1,<4 hrs,4–6 hrs,More than half the days,Several days,More than half the days,Several days,Several days,Almost never,Sometimes,90%+
sdv-id-mlpygC,22,3,7–8 hrs,2–4 hrs,Several days,Several days,More than half the days,Several days,Not at all,Almost never,Fairly often,90%+
sdv-id-QrMCeV,19,3,<4 hrs,4–6 hrs,Several days,Several days,More than half the days,Several days,More than half the days,Never,Fairly often,60–75%
sdv-id-oMdnDn,20,2,5–6 hrs,4–6 hrs,Not at all,Nearly every day,Several days,Several days,Not at all,Almost never,Sometimes,75–90%
sdv-id-RwPlyG,23,3,<4 hrs,2–4 hrs,More than half the days,Not at all,More than half the days,More than half the days,Not at all,Sometimes,Sometimes,75–90%
sdv-id-iczXWp,22,3,<4 hrs,6–8 hrs,More than half the days,Not at all,Not at all,Not at all,Not at all,Almost never,Sometimes,90%+
sdv-id-IPvLzZ,23,4,<4 hrs,4–6 hrs,Several days,Several days,Several days,Several days,Several days,Almost never,Fairly often,75–90%
sdv-id-EifYNc,19,4,5–6 hrs,4–6 hrs,Several days,Not at all,More than half the days,More than half the days,Not at all,Sometimes,Almost never,60–75%
sdv-id-KkWMut,20,4,7–8 hrs,4–6 hrs,Not at all,More than half the days,Several days,Several days,More than half the days,Almost never,Almost never,75–90%
sdv-id-wsDHeL,21,4,<4 hrs,4–6 hrs,Several days,Not at all,More than half the days,Not at all,Not at all,Almost never,Sometimes,75–90%
sdv-id-MSQHcG,18,3,4–5 hrs,8+ hrs,More than half the days,More than half the days,More than half the days,More than half the days,More than half the days,Sometimes,Sometimes,75–90%
sdv-id-YaYuRU,22,2,4–5 hrs,6–8 hrs,Several days,More than half the days,More than half the days,Not at all,Not at all,Almost never,Fairly often,60–75%
sdv-id-eGcqMw,21,1,6–7 hrs,2–4 hrs,Several days,Several days,Several days,Several days,Not at all,Fairly often,Fairly often,60–75%
sdv-id-hQCryw,19,3,<4 hrs,4–6 hrs,Not at all,Several days,More than half the days,Several days,Not at all,Fairly often,Fairly often,75–90%
sdv-id-YBtFRu,17,2,5–6 hrs,6–8 hrs,Several days,Several days,Several days,Several days,Several days,Almost never,Sometimes,75–90%
sdv-id-VIBaep,22,2,5–6 hrs,4–6 hrs,Several days,Several days,Several days,Several days,Several days,Fairly often,Almost never,90%+
sdv-id-DFngBc,17,3,7–8 hrs,6–8 hrs,Several days,Several days,Not at all,Several days,More than half the days,Fairly often,Fairly often,90%+
sdv-id-CbkdWn,21,3,<4 hrs,6–8 hrs,More than half the days,Several days,Several days,Not at all,Several days,Fairly often,Sometimes,75–90%
sdv-id-maiMdZ,23,3,5–6 hrs,8+ hrs,Nearly every day,Several days,Several days,More than half the days,Not at all,Sometimes,Fairly often,75–90%
sdv-id-HdCvnY,21,3,6–7 hrs,4–6 hrs,Not at all,More than half the days,Not at all,Not at all,Several days,Fairly often,Almost never,75–90%
sdv-id-XiwSGS,21,2,6–7 hrs,6–8 hrs,More than half the days,Not at all,Several days,Nearly every day,Not at all,Sometimes,Sometimes,75–90%
sdv-id-SVjSOi,21,4,4–5 hrs,6–8 hrs,Several days,Several days,Several days,Several days,Not at all,Almost never,Sometimes,90%+
sdv-id-nEZjMP,17,2,6–7 hrs,2–4 hrs,Not at all,Several days,More than half the days,Several days,More than half the days,Fairly often,Very often,75–90%
sdv-id-RfSCXP,21,3,7–8 hrs,4–6 hrs,Several days,Not at all,Several days,Several days,Several days,Fairly often,Fairly often,60–75%
sdv-id-azbNVb,17,3,6–7 hrs,4–6 hrs,Not at all,Several days,More than half the days,More than half the days,Several days,Very often,Sometimes,75–90%
sdv-id-bhgTYi,21,4,7–8 hrs,8+ hrs,Several days,Several days,More than half the days,Several days,Several days,Fairly often,Sometimes,75–90%
sdv-id-dYOSTM,23,3,5–6 hrs,6–8 hrs,Several days,Several days,More than half the days,Several days,Several days,Fairly often,Very often,60–75%
sdv-id-rTGHEm,18,2,4–5 hrs,4–6 hrs,Several days,Several days,Not at all,Several days,More than half the days,Fairly often,Fairly often,75–90%
sdv-id-bqNSwe,20,3,7–8 hrs,4–6 hrs,Not at all,Not at all,More than half the days,Several days,More than half the days,Almost never,Sometimes,75–90%
sdv-id-LIWnMI,20,2,5–6 hrs,2–4 hrs,Several days,Several days,Not at all,Not at all,Not at all,Fairly often,Fairly often,90%+
sdv-id-QLcaif,21,3,5–6 hrs,4–6 hrs,Several days,Several days,Several days,Several days,Not at all,Fairly often,Fairly often,75–90%
sdv-id-QKheCY,19,1,5–6 hrs,6–8 hrs,More than half the days,More than half the days,Not at all,Several days,More than half the days,Almost never,Never,90%+
sdv-id-VErIsG,21,2,7–8 hrs,8+ hrs,Several days,More than half the days,More than half the days,Several days,Not at all,Almost never,Fairly often,75–90%
sdv-id-JgUkrd,23,2,5–6 hrs,4–6 hrs,Several days,Not at all,More than half the days,Several days,Not at all,Almost never,Fairly often,90%+
sdv-id-gsuZpe,18,2,7–8 hrs,6–8 hrs,Several days,Not at all,Several days,Several days,More than half the days,Fairly often,Very often,90%+
sdv-id-khaGrx,20,1,6–7 hrs,4–6 hrs,More than half the days,More than half the days,More than half the days,Not at all,Several days,Fairly often,Sometimes,75–90%
sdv-id-gZBdlN,23,2,5–6 hrs,6–8 hrs,Not at all,More than half the days,More than half the days,More than half the days,More than half the days,Almost never,Fairly often,75–90%
sdv-id-ygYSZn,20,2,4–5 hrs,6–8 hrs,Several days,Several days,Several days,Several days,Several days,Almost never,Sometimes,90%+
sdv-id-otGzue,23,1,<4 hrs,4–6 hrs,Several days,Several days,Several days,Not at all,Several days,Almost never,Fairly often,75–90%
sdv-id-WMWgnC,22,3,6–7 hrs,4–6 hrs,Not at all,Several days,More than half the days,More than half the days,More than half the days,Sometimes,Fairly often,90%+
sdv-id-eyognE,19,2,5–6 hrs,4–6 hrs,Several days,More than half the days,More than half the days,Several days,Not at all,Almost never,Sometimes,90%+
sdv-id-TWrTVx,22,3,5–6 hrs,6–8 hrs,More than half the days,More than half the days,More than half the days,Nearly every day,More than half the days,Sometimes,Almost never,60–75%
sdv-id-ktfumv,19,4,6–7 hrs,4–6 hrs,Several days,More than half the days,More than half the days,Several days,More than half the days,Almost never,Almost never,60–75%
sdv-id-cDVGyG,22,3,5–6 hrs,6–8 hrs,Several days,More than half the days,More than half the days,Not at all,More than half the days,Very often,Sometimes,90%+
sdv-id-uareey,22,3,5–6 hrs,6–8 hrs,Several days,Several days,Not at all,Several days,Not at all,Almost never,Fairly often,75–90%
sdv-id-IbWllB,20,3,7–8 hrs,4–6 hrs,Several days,Several days,More than half the days,Several days,Not at all,Almost never,Fairly often,75–90%
sdv-id-PgooBd,19,4,6–7 hrs,4–6 hrs,Nearly every day,More than half the days,More than half the days,More than half the days,Nearly every day,Sometimes,Sometimes,75–90%
sdv-id-WSrkKp,19,1,5–6 hrs,4–6 hrs,Not at all,Several days,Not at all,Not at all,More than half the days,Almost never,Very often,60–75%
sdv-id-DzsKeq,20,2,4–5 hrs,4–6 hrs,Several days,Not at all,More than half the days,Several days,Not at all,Almost never,Fairly often,75–90%
sdv-id-QzYcVo,22,3,7–8 hrs,6–8 hrs,Several days,Not at all,More than half the days,Not at all,Several days,Fairly often,Almost never,90%+
sdv-id-IVZPhJ,22,2,5–6 hrs,4–6 hrs,Several days,Several days,Several days,Not at all,More than half the days,Sometimes,Sometimes,90%+
sdv-id-ooQiRo,22,3,7–8 hrs,4–6 hrs,Not at all,More than half the days,Several days,More than half the days,Not at all,Almost never,Almost never,<60%
sdv-id-adyBLf,22,4,4–5 hrs,2–4 hrs,Not at all,More than half the days,Not at all,Several days,Nearly every day,Almost never,Sometimes,75–90%
sdv-id-LqNrfi,21,3,5–6 hrs,6–8 hrs,Several days,Several days,More than half the days,Several days,Not at all,Fairly often,Almost never,90%+
sdv-id-UZtAEp,20,3,6–7 hrs,4–6 hrs,Several days,Several days,Several days,Several days,Several days,Almost never,Almost never,60–75%
sdv-id-aOrQEK,20,3,4–5 hrs,4–6 hrs,More than half the days,Not at all,More than half the days,Not at all,Not at all,Almost never,Sometimes,75–90%
sdv-id-icJuJt,22,2,7–8 hrs,6–8 hrs,Not at all,Nearly every day,More than half the days,Several days,Not at all,Sometimes,Almost never,75–90%
sdv-id-SLLPkS,21,3,5–6 hrs,6–8 hrs,Not at all,Not at all,More than half the days,Not at all,Several days,Sometimes,Sometimes,90%+
sdv-id-SqUuQu,22,2,6–7 hrs,6–8 hrs,Several days,More than half the days,Not at all,Not at all,More than half the days,Sometimes,Almost never,60–75%
sdv-id-GlFmGC,22,3,<4 hrs,2–4 hrs,Several days,Not at all,More than half the days,More than half the days,Several days,Sometimes,Sometimes,75–90%
sdv-id-lDLjmy,20,2,6–7 hrs,6–8 hrs,Several days,Several days,Several days,Not at all,Several days,Sometimes,Fairly often,60–75%
sdv-id-bxdxuO,18,3,6–7 hrs,6–8 hrs,Not at all,More than half the days,Several days,More than half the days,Several days,Almost never,Sometimes,75–90%
sdv-id-PKPhbn,18,3,6–7 hrs,6–8 hrs,Several days,Not at all,Not at all,Several days,More than half the days,Very often,Sometimes,75–90%
sdv-id-TEErXg,22,2,<4 hrs,6–8 hrs,Not at all,Not at all,Several days,Several days,Nearly every day,Almost never,Fairly often,90%+
sdv-id-JLkrhS,18,3,5–6 hrs,4–6 hrs,Several days,Several days,More than half the days,Several days,Several days,Almost never,Almost never,60–75%
sdv-id-TqXbOS,20,3,7–8 hrs,6–8 hrs,Several days,Not at all,Several days,Several days,Not at all,Almost never,Sometimes,75–90%
sdv-id-KSDkox,21,3,5–6 hrs,4–6 hrs,Several days,Several days,More than half the days,Not at all,Not at all,Sometimes,Sometimes,60–75%
sdv-id-TwFhNv,23,2,<4 hrs,6–8 hrs,Several days,Several days,Not at all,Not at all,Several days,Sometimes,Sometimes,75–90%
sdv-id-ENkRCh,20,3,6–7 hrs,6–8 hrs,Several days,Not at all,Several days,More than half the days,Not at all,Sometimes,Sometimes,90%+
sdv-id-mhDOKr,20,2,5–6 hrs,6–8 hrs,Several days,Several days,Several days,Several days,Several days,Almost never,Sometimes,75–90%
sdv-id-hPCTCj,21,3,6–7 hrs,6–8 hrs,Several days,Several days,Not at all,Several days,More than half the days,Almost never,Fairly often,60–75%
sdv-id-Ccjyvs,19,2,4–5 hrs,2–4 hrs,Several days,Several days,Several days,Not at all,Several days,Very often,Almost never,60–75%
sdv-id-JDBjPn,23,2,<4 hrs,4–6 hrs,Several days,Several days,Several days,Several days,Several days,Sometimes,Fairly often,75–90%
sdv-id-aYSXOM,20,1,7–8 hrs,4–6 hrs,Not at all,More than half the days,More than half the days,Several days,More than half the days,Very often,Sometimes,75–90%
sdv-id-lVkSFF,18,2,6–7 hrs,6–8 hrs,Not at all,Not at all,Several days,Several days,More than half the days,Fairly often,Almost never,75–90%
sdv-id-SXAAVS,17,2,7–8 hrs,6–8 hrs,Not at all,Several days,Several days,Not at all,More than half the days,Never,Fairly often,60–75%
sdv-id-MNugcX,22,1,6–7 hrs,4–6 hrs,Not at all,More than half the days,More than half the days,More than half the days,Several days,Almost never,Sometimes,75–90%
sdv-id-hStizf,21,3,5–6 hrs,2–4 hrs,Not at all,Not at all,Several days,Several days,Several days,Almost never,Fairly often,90%+
sdv-id-xjiXKz,22,2,4–5 hrs,4–6 hrs,Not at all,More than half the days,Several days,More than half the days,Not at all,Fairly often,Very often,75–90%
sdv-id-RKzmTS,20,3,5–6 hrs,6–8 hrs,Not at all,Not at all,More than half the days,More than half the days,More than half the days,Sometimes,Sometimes,90%+
sdv-id-viMdfQ,21,3,7–8 hrs,6–8 hrs,More than half the days,More than half the days,Not at all,Not at all,Not at all,Fairly often,Almost never,75–90%
sdv-id-wshozu,22,3,5–6 hrs,4–6 hrs,Not at all,More than half the days,Several days,Not at all,Not at all,Almost never,Sometimes,90%+
sdv-id-GWFZse,19,2,4–5 hrs,6–8 hrs,Nearly every day,More than half the days,More than half the days,More than half the days,More than half the days,Almost never,Very often,60–75%
sdv-id-ijlheL,22,3,4–5 hrs,4–6 hrs,Not at all,Several days,Not at all,Several days,Not at all,Almost never,Fairly often,75–90%
sdv-id-xnCoQC,17,3,6–7 hrs,4–6 hrs,Several days,Several days,Several days,Several days,Not at all,Fairly often,Almost never,60–75%
sdv-id-tQLyug,19,1,5–6 hrs,6–8 hrs,Nearly every day,More than half the days,More than half the days,Nearly every day,More than half the days,Very often,Very often,90%+
sdv-id-dmGlmi,23,3,5–6 hrs,4–6 hrs,Several days,More than half the days,More than half the days,More than half the days,Not at all,Sometimes,Sometimes,<60%
sdv-id-tMtaVH,22,1,7–8 hrs,4–6 hrs,Several days,Not at all,Not at all,Several days,Several days,Sometimes,Sometimes,75–90%
sdv-id-YKkqlT,18,1,7–8 hrs,2–4 hrs,Not at all,More than half the days,Several days,Not at all,More than half the days,Almost never,Almost never,75–90%
sdv-id-aGMHLE,19,2,<4 hrs,4–6 hrs,Nearly every day,More than half the days,More than half the days,Not at all,Nearly every day,Almost never,Fairly often,90%+
sdv-id-bHplwv,19,3,7–8 hrs,4–6 hrs,Several days,Several days,More than half the days,Several days,Several days,Fairly often,Fairly often,75–90%
sdv-id-YvGBTC,21,2,5–6 hrs,4–6 hrs,More than half the days,Not at all,More than half the days,Not at all,Nearly every day,Almost never,Sometimes,90%+
sdv-id-CAJHWY,23,3,<4 hrs,2–4 hrs,Not at all,Several days,More than half the days,Not at all,Several days,Very often,Very often,75–90%
sdv-id-WgvpDl,21,3,<4 hrs,6–8 hrs,More than half the days,Several days,More than half the days,Nearly every day,More than half the days,Sometimes,Fairly often,90%+
sdv-id-hUPvpC,21,3,4–5 hrs,4–6 hrs,Several days,Several days,Several days,Several days,Not at all,Almost never,Fairly often,75–90%
sdv-id-AqWdcV,23,3,7–8 hrs,6–8 hrs,Several days,Nearly every day,Not at all,More than half the days,Several days,Almost never,Sometimes,75–90%
sdv-id-RZjRni,22,3,5–6 hrs,4–6 hrs,Several days,More than half the days,Several days,Not at all,Several days,Almost never,Sometimes,60–75%
sdv-id-kwEGsj,21,4,7–8 hrs,6–8 hrs,More than half the days,Several days,Several days,Several days,Several days,Fairly often,Sometimes,75–90%
sdv-id-cAoIEO,20,1,6–7 hrs,4–6 hrs,Nearly every day,More than half the days,Not at all,More than half the days,More than half the days,Almost never,Very often,60–75%
sdv-id-COEFrJ,23,2,7–8 hrs,4–6 hrs,More than half the days,More than half the days,More than half the days,More than half the days,Not at all,Almost never,Sometimes,75–90%
sdv-id-cvXzVQ,17,2,7–8 hrs,4–6 hrs,Several days,More than half the days,More than half the days,Several days,Not at all,Fairly often,Fairly often,75–90%
sdv-id-hubMnh,20,2,7–8 hrs,4–6 hrs,Several days,More than half the days,Several days,Several days,More than half the days,Fairly often,Fairly often,90%+
sdv-id-qTETiG,22,3,5–6 hrs,2–4 hrs,Several days,Several days,More than half the days,Not at all,Several days,Sometimes,Sometimes,90%+
sdv-id-KIKFde,22,1,6–7 hrs,6–8 hrs,More than half the days,More than half the days,More than half the days,Several days,Not at all,Fairly often,Almost never,75–90%
sdv-id-nAwYuq,20,2,<4 hrs,6–8 hrs,More than half the days,Not at all,More than half the days,Not at all,Not at all,Fairly often,Fairly often,75–90%
sdv-id-zZSMGn,23,3,<4 hrs,4–6 hrs,Several days,Several days,Several days,Several days,Several days,Almost never,Sometimes,75–90%
sdv-id-AapeXu,22,1,4–5 hrs,2–4 hrs,Not at all,More than half the days,More than half the days,Not at all,More than half the days,Almost never,Fairly often,75–90%
sdv-id-LPUDhh,17,1,7–8 hrs,6–8 hrs,Several days,Several days,Several days,Several days,Not at all,Never,Fairly often,<60%
sdv-id-MTmWoD,22,3,5–6 hrs,6–8 hrs,Several days,Several days,More than half the days,Several days,Several days,Sometimes,Very often,90%+
sdv-id-BphhzO,22,3,5–6 hrs,4–6 hrs,Several days,Several days,Not at all,Several days,Several days,Almost never,Sometimes,75–90%
sdv-id-VXJEYk,21,2,6–7 hrs,2–4 hrs,Not at all,More than half the days,More than half the days,Not at all,Not at all,Almost never,Very often,75–90%
sdv-id-IwUlPQ,19,3,4–5 hrs,2–4 hrs,More than half the days,Several days,Several days,Not at all,Nearly every day,Almost never,Fairly often,90%+
sdv-id-sljNgr,18,1,6–7 hrs,4–6 hrs,Several days,Not at all,Not at all,Several days,Not at all,Almost never,Very often,90%+
sdv-id-bMkJiX,19,2,7–8 hrs,4–6 hrs,Nearly every day,More than half the days,Not at all,More than half the days,Not at all,Almost never,Sometimes,60–75%
sdv-id-JKknRI,23,4,4–5 hrs,4–6 hrs,Nearly every day,More than half the days,More than half the days,More than half the days,Not at all,Fairly often,Sometimes,75–90%
sdv-id-quSqvU,22,3,4–5 hrs,4–6 hrs,Several days,Not at all,Several days,Several days,More than half the days,Sometimes,Fairly often,60–75%
sdv-id-YnPufc,17,2,4–5 hrs,4–6 hrs,Nearly every day,More than half the days,Several days,Not at all,Nearly every day,Almost never,Almost never,60–75%
sdv-id-esVOZy,21,2,7–8 hrs,4–6 hrs,Several days,Several days,Several days,Several days,Several days,Almost never,Fairly often,75–90%
sdv-id-muOlSv,22,3,4–5 hrs,4–6 hrs,Several days,Several days,Several days,Several days,Not at all,Fairly often,Fairly often,90%+
sdv-id-wQTTvf,19,3,5–6 hrs,6–8 hrs,Several days,Several days,More than half the days,Several days,Not at all,Sometimes,Sometimes,75–90%
sdv-id-jxofpD,17,1,6–7 hrs,4–6 hrs,Several days,More than half the days,More than half the days,Several days,Nearly every day,Never,Very often,75–90%
sdv-id-honhXQ,19,2,5–6 hrs,4–6 hrs,Not at all,Several days,Several days,Several days,More than half the days,Fairly often,Fairly often,60–75%
sdv-id-QrZKnL,20,3,4–5 hrs,4–6 hrs,Not at all,Not at all,More than half the days,Not at all,Not at all,Very often,Very often,75–90%
sdv-id-LHUFap,21,1,6–7 hrs,6–8 hrs,Several days,Several days,Several days,Several days,Not at all,Almost never,Fairly often,90%+
sdv-id-oyVGBE,23,3,6–7 hrs,4–6 hrs,Several days,Not at all,More than half the days,Several days,Several days,Almost never,Very often,75–90%
sdv-id-OMaOYR,18,2,<4 hrs,4–6 hrs,More than half the days,Not at all,More than half the days,More than half the days,Not at all,Almost never,Sometimes,75–90%
sdv-id-LIRUJz,19,1,7–8 hrs,2–4 hrs,Nearly every day,Several days,More than half the days,Not at all,Not at all,Sometimes,Very often,75–90%
sdv-id-pkWLjR,17,3,6–7 hrs,6–8 hrs,Several days,Not at all,Several days,Several days,More than half the days,Fairly often,Fairly often,60–75%
sdv-id-uJweUc,22,2,6–7 hrs,6–8 hrs,Several days,Several days,Several days,Several days,Several days,Fairly often,Fairly often,75–90%
sdv-id-asNZqa,21,2,4–5 hrs,6–8 hrs,Nearly every day,Several days,Not at all,More than half the days,More than half the days,Fairly often,Fairly often,60–75%
sdv-id-PkZGBD,21,3,6–7 hrs,4–6 hrs,Several days,Not at all,More than half the days,Several days,Several days,Almost never,Fairly often,75–90%
sdv-id-ybvZrE,17,1,4–5 hrs,6–8 hrs,Not at all,Several days,Not at all,Several days,Not at all,Almost never,Sometimes,75–90%
sdv-id-NeBiqh,17,1,5–6 hrs,6–8 hrs,Several days,Several days,Several days,Not at all,Not at all,Almost never,Almost never,<60%
sdv-id-TSJZHl,21,4,<4 hrs,4–6 hrs,Several days,Several days,More than half the days,More than half the days,More than half the days,Sometimes,Almost never,90%+
sdv-id-OxdUTZ,19,2,<4 hrs,4–6 hrs,Nearly every day,More than half the days,More than half the days,Not at all,More than half the days,Almost never,Sometimes,<60%
sdv-id-mXmIvW,23,1,5–6 hrs,8+ hrs,Several days,Not at all,Not at all,More than half the days,Not at all,Sometimes,Sometimes,<60%
sdv-id-DIzCRN,19,3,6–7 hrs,4–6 hrs,Several days,Not at all,More than half the days,Several days,Nearly every day,Fairly often,Fairly often,90%+
sdv-id-cOcFQM,23,3,6–7 hrs,4–6 hrs,Several days,More than half the days,More than half the days,Not at all,Several days,Sometimes,Never,75–90%
sdv-id-eQMToq,20,3,<4 hrs,6–8 hrs,Several days,Several days,More than half the days,Several days,Not at all,Sometimes,Sometimes,60–75%
sdv-id-Outipk,19,4,7–8 hrs,4–6 hrs,Nearly every day,Not at all,Several days,Not at all,Nearly every day,Almost never,Fairly often,90%+
sdv-id-syLHEz,22,1,5–6 hrs,6–8 hrs,Several days,Several days,Several days,Several days,Not at all,Fairly often,Fairly often,75–90%
sdv-id-lGplQb,20,3,4–5 hrs,6–8 hrs,Not at all,Several days,Not at all,More than half the days,Not at all,Almost never,Fairly often,90%+
sdv-id-wlPlWS,18,2,6–7 hrs,4–6 hrs,Several days,Several days,Several days,Several days,Several days,Almost never,Sometimes,75–90%
sdv-id-JtrYbk,18,2,4–5 hrs,4–6 hrs,Several days,More than half the days,More than half the days,Several days,Not at all,Almost never,Almost never,75–90%
sdv-id-gYTlJe,22,3,5–6 hrs,6–8 hrs,Nearly every day,Several days,More than half the days,More than half the days,Nearly every day,Almost never,Fairly often,90%+
sdv-id-BOSWDQ,23,3,5–6 hrs,4–6 hrs,Not at all,Several days,Several days,Not at all,Several days,Sometimes,Almost never,75–90%
sdv-id-rZgONZ,21,4,<4 hrs,8+ hrs,Not at all,Not at all,Not at all,More than half the days,More than half the days,Sometimes,Almost never,60–75%
sdv-id-uXfEwL,19,2,6–7 hrs,2–4 hrs,More than half the days,More than half the days,Several days,Not at all,Nearly every day,Almost never,Sometimes,75–90%
sdv-id-dzNqvB,17,1,4–5 hrs,4–6 hrs,Nearly every day,Not at all,Not at all,More than half the days,Not at all,Almost never,Sometimes,75–90%
sdv-id-YiqwJi,19,2,6–7 hrs,4–6 hrs,Several days,More than half the days,More than half the days,Several days,Several days,Almost never,Never,75–90%
sdv-id-soCjbf,17,3,7–8 hrs,6–8 hrs,Not at all,More than half the days,Not at all,Not at all,Several days,Fairly often,Sometimes,75–90%
sdv-id-TIJbGQ,21,2,5–6 hrs,4–6 hrs,Nearly every day,More than half the days,Several days,More than half the days,Several days,Almost never,Sometimes,75–90%
sdv-id-ZucLXg,21,2,<4 hrs,4–6 hrs,Not at all,Several days,Several days,Several days,More than half the days,Almost never,Fairly often,75–90%
sdv-id-fhiEkF,18,2,4–5 hrs,6–8 hrs,Nearly every day,Nearly every day,More than half the days,More than half the days,More than half the days,Fairly often,Sometimes,75–90%
sdv-id-hUDzsx,20,3,6–7 hrs,6–8 hrs,Not at all,Not at all,More than half the days,Several days,Not at all,Sometimes,Sometimes,60–75%
sdv-id-MeNVhX,20,1,6–7 hrs,6–8 hrs,Not at all,Not at all,More than half the days,Not at all,Not at all,Sometimes,Sometimes,75–90%
sdv-id-chgeFw,19,1,4–5 hrs,4–6 hrs,Several days,Several days,More than half the days,Several days,Several days,Fairly often,Fairly often,75–90%
sdv-id-HtJtzz,23,3,5–6 hrs,6–8 hrs,Several days,Several days,Several days,Not at all,Several days,Sometimes,Sometimes,75–90%
sdv-id-zRTzZc,18,2,7–8 hrs,4–6 hrs,Several days,More than half the days,Several days,Several days,More than half the days,Never,Fairly often,60–75%
sdv-id-QMLIJn,21,3,7–8 hrs,6–8 hrs,Not at all,More than half the days,Several days,Several days,Several days,Fairly often,Sometimes,75–90%
sdv-id-znleuc,22,2,6–7 hrs,6–8 hrs,Several days,More than half the days,Several days,Several days,Several days,Fairly often,Sometimes,75–90%
sdv-id-VvlxyZ,19,2,<4 hrs,6–8 hrs,Not at all,Not at all,More than half the days,Not at all,Not at all,Almost never,Sometimes,75–90%
sdv-id-EmJMSC,21,2,6–7 hrs,2–4 hrs,Not at all,Not at all,More than half the days,Not at all,Several days,Sometimes,Almost never,60–75%
sdv-id-QZTpCU,17,1,7–8 hrs,4–6 hrs,Several days,More than half the days,Not at all,Not at all,More than half the days,Almost never,Sometimes,75–90%
sdv-id-YzjgHG,23,2,7–8 hrs,6–8 hrs,Several days,More than half the days,Several days,Several days,Not at all,Almost never,Sometimes,75–90%
sdv-id-GjYaxL,20,4,4–5 hrs,4–6 hrs,Several days,Nearly every day,More than half the days,Several days,More than half the days,Almost never,Sometimes,75–90%
sdv-id-ILMaNu,22,1,5–6 hrs,6–8 hrs,Several days,Several days,Several days,Not at all,Several days,Almost never,Almost never,90%+
sdv-id-ypYonO,19,3,4–5 hrs,6–8 hrs,Several days,More than half the days,Not at all,Not at all,More than half the days,Sometimes,Almost never,75–90%
sdv-id-JUJHps,18,2,4–5 hrs,4–6 hrs,Several days,More than half the days,Not at all,Several days,Several days,Never,Sometimes,75–90%
sdv-id-cQGQCn,22,4,6–7 hrs,4–6 hrs,Several days,Several days,More than half the days,Several days,Several days,Almost never,Almost never,75–90%
sdv-id-DfQecM,23,3,5–6 hrs,8+ hrs,Not at all,Several days,More than half the days,Several days,Not at all,Almost never,Very often,75–90%
sdv-id-RYwKqK,18,2,4–5 hrs,4–6 hrs,Several days,Several days,Several days,Several days,Not at all,Almost never,Fairly often,75–90%
sdv-id-BNzztr,21,1,6–7 hrs,2–4 hrs,More than half the days,More than half the days,Not at all,More than half the days,More than half the days,Almost never,Fairly often,90%+
sdv-id-camhOb,21,3,<4 hrs,6–8 hrs,Not at all,Several days,Several days,Not at all,Several days,Sometimes,Sometimes,90%+
sdv-id-TffpOl,22,1,6–7 hrs,6–8 hrs,Several days,Nearly every day,More than half the days,Several days,Several days,Sometimes,Sometimes,75–90%
sdv-id-yVeFAy,23,2,<4 hrs,6–8 hrs,Several days,Several days,Not at all,More than half the days,Several days,Sometimes,Almost never,75–90%
sdv-id-RdpcND,22,3,4–5 hrs,4–6 hrs,Several days,Several days,More than half the days,Several days,Several days,Very often,Sometimes,75–90%
sdv-id-OAgOPo,20,2,<4 hrs,6–8 hrs,Several days,Nearly every day,Several days,Several days,More than half the days,Almost never,Sometimes,60–75%
sdv-id-wrUBoP,17,3,7–8 hrs,4–6 hrs,More than half the days,More than half the days,Several days,Several days,More than half the days,Sometimes,Sometimes,75–90%
sdv-id-tVfsoK,21,3,6–7 hrs,2–4 hrs,Not at all,More than half the days,More than half the days,More than half the days,Not at all,Sometimes,Sometimes,90%+
sdv-id-frcJbe,23,4,6–7 hrs,6–8 hrs,Several days,More than half the days,Not at all,Not at all,Several days,Almost never,Sometimes,75–90%
sdv-id-knLTfr,22,3,7–8 hrs,2–4 hrs,Several days,Not at all,Several days,Not at all,Several days,Almost never,Sometimes,60–75%
sdv-id-tSuYjU,21,4,6–7 hrs,4–6 hrs,More than half the days,Several days,Not at all,Nearly every day,More than half the days,Sometimes,Fairly often,90%+
sdv-id-nVTFOX,21,3,7–8 hrs,4–6 hrs,Several days,Not at all,Several days,Several days,Several days,Sometimes,Sometimes,60–75%
sdv-id-TocIGb,18,3,5–6 hrs,4–6 hrs,Several days,More than half the days,Not at all,Several days,Not at all,Almost never,Sometimes,60–75%
sdv-id-NhUkcI,17,1,6–7 hrs,6–8 hrs,Several days,Several days,Several days,Several days,Not at all,Fairly often,Very often,90%+
sdv-id-RpvYeV,21,3,<4 hrs,6–8 hrs,Not at all,Several days,Not at all,Several days,Several days,Fairly often,Sometimes,90%+
sdv-id-xeuReR,21,2,7–8 hrs,6–8 hrs,Several days,Nearly every day,Not at all,Several days,More than half the days,Fairly often,Fairly often,75–90%
sdv-id-vtHmMF,20,2,6–7 hrs,4–6 hrs,Not at all,More than half the days,Several days,Not at all,Not at all,Sometimes,Sometimes,75–90%
sdv-id-hMjkdp,19,4,7–8 hrs,6–8 hrs,Nearly every day,Several days,Several days,Not at all,More than half the days,Fairly often,Sometimes,60–75%
sdv-id-NXKAaB,22,1,6–7 hrs,6–8 hrs,Not at all,More than half the days,Several days,More than half the days,Several days,Sometimes,Sometimes,75–90%
sdv-id-ZkArKO,22,3,6–7 hrs,4–6 hrs,Several days,Several days,More than half the days,More than half the days,More than half the days,Very often,Fairly often,75–90%
sdv-id-bcqeCn,20,2,<4 hrs,2–4 hrs,More than half the days,More than half the days,Several days,Not at all,Not at all,Very often,Sometimes,75–90%
sdv-id-gqfYTL,22,2,5–6 hrs,4–6 hrs,Not at all,Not at all,Several days,Not at all,More than half the days,Sometimes,Sometimes,60–75%
sdv-id-eVvOcn,22,3,<4 hrs,4–6 hrs,Several days,Not at all,More than half the days,Not at all,Not at all,Fairly often,Fairly often,90%+
sdv-id-oPIfKc,22,3,5–6 hrs,8+ hrs,More than half the days,Several days,More than half the days,Several days,Several days,Fairly often,Sometimes,60–75%
sdv-id-UzPCFu,19,2,7–8 hrs,6–8 hrs,More than half the days,Not at all,More than half the days,Not at all,More than half the days,Almost never,Fairly often,75–90%
sdv-id-DtvkPD,20,1,7–8 hrs,6–8 hrs,Several days,Several days,Several days,Several days,More than half the days,Fairly often,Fairly often,60–75%
sdv-id-QrJGsG,22,3,<4 hrs,6–8 hrs,Several days,Several days,Several days,Several days,Not at all,Almost never,Fairly often,60–75%
sdv-id-hwpVyQ,18,4,6–7 hrs,6–8 hrs,Not at all,Several days,Not at all,Not at all,Not at all,Almost never,Fairly often,75–90%
sdv-id-UEzsml,21,1,<4 hrs,8+ hrs,Nearly every day,More than half the days,More than half the days,Not at all,Several days,Almost never,Sometimes,75–90%
sdv-id-lGipNi,18,4,6–7 hrs,4–6 hrs,Several days,Several days,Not at all,Several days,Several days,Fairly often,Sometimes,<60%
sdv-id-ioDtWX,22,3,5–6 hrs,6–8 hrs,Several days,Several days,Several days,Several days,More than half the days,Almost never,Fairly often,60–75%
sdv-id-iEsMdT,20,2,6–7 hrs,6–8 hrs,Nearly every day,Not at all,More than half the days,Not at all,Several days,Almost never,Fairly often,75–90%
sdv-id-dOITEc,17,4,4–5 hrs,4–6 hrs,Several days,Not at all,Several days,Several days,More than half the days,Fairly often,Sometimes,75–90%
sdv-id-UURcdB,21,3,5–6 hrs,4–6 hrs,Several days,Several days,More than half the days,Several days,Nearly every day,Fairly often,Fairly often,90%+
sdv-id-MWmHkw,22,3,6–7 hrs,2–4 hrs,More than half the days,Not at all,Not at all,Several days,More than half the days,Sometimes,Almost never,75–90%
sdv-id-TVZNEF,21,4,5–6 hrs,4–6 hrs,Several days,Several days,Not at all,Several days,Several days,Almost never,Sometimes,75–90%
sdv-id-kgRqwi,22,2,4–5 hrs,4–6 hrs,Not at all,Several days,More than half the days,Several days,Not at all,Fairly often,Very often,75–90%
sdv-id-HJmOKf,23,3,5–6 hrs,2–4 hrs,Not at all,More than half the days,Not at all,More than half the days,Several days,Sometimes,Never,75–90%
sdv-id-LcKSxe,22,3,7–8 hrs,4–6 hrs,Not at all,More than half the days,More than half the days,Not at all,Not at all,Sometimes,Sometimes,75–90%
sdv-id-Tymhnv,21,3,6–7 hrs,4–6 hrs,Several days,Nearly every day,More than half the days,Not at all,Not at all,Very often,Sometimes,75–90%
sdv-id-GUigkp,22,2,5–6 hrs,4–6 hrs,Nearly every day,Nearly every day,Not at all,More than half the days,More than half the days,Almost never,Sometimes,<60%
sdv-id-SyorIH,22,4,7–8 hrs,6–8 hrs,Nearly every day,More than half the days,More than half the days,Nearly every day,More than half the days,Sometimes,Sometimes,60–75%
sdv-id-hWebjX,20,3,5–6 hrs,4–6 hrs,Several days,Not at all,Several days,Several days,Not at all,Almost never,Almost never,60–75%
sdv-id-tEXVQr,17,2,7–8 hrs,4–6 hrs,Several days,Not at all,More than half the days,Several days,More than half the days,Fairly often,Sometimes,75–90%
sdv-id-VrzpPD,17,3,6–7 hrs,4–6 hrs,Several days,Not at all,Several days,Several days,More than half the days,Never,Very often,90%+
sdv-id-olBrCO,18,2,7–8 hrs,4–6 hrs,More than half the days,More than half the days,Not at all,Several days,More than half the days,Fairly often,Sometimes,75–90%
sdv-id-wUSyjK,18,1,<4 hrs,6–8 hrs,Several days,Not at all,More than half the days,More than half the days,Several days,Sometimes,Sometimes,75–90%
sdv-id-DXlMob,18,2,6–7 hrs,4–6 hrs,Several days,Several days,Not at all,Several days,Several days,Almost never,Fairly often,<60%
sdv-id-guAvDn,18,3,6–7 hrs,4–6 hrs,Several days,More than half the days,Several days,Several days,More than half the days,Never,Fairly often,75–90%
sdv-id-IawWpk,21,2,7–8 hrs,2–4 hrs,Not at all,Several days,Several days,Several days,Several days,Fairly often,Fairly often,75–90%
sdv-id-WehKvJ,18,2,7–8 hrs,6–8 hrs,More than half the days,More than half the days,More than half the days,Several days,More than half the days,Almost never,Very often,60–75%
sdv-id-cOPiBt,22,4,6–7 hrs,6–8 hrs,Several days,More than half the days,More than half the days,Not at all,More than half the days,Very often,Almost never,60–75%
sdv-id-CleOcj,20,2,4–5 hrs,4–6 hrs,Several days,More than half the days,Several days,Several days,More than half the days,Almost never,Fairly often,75–90%
sdv-id-vDlXzN,22,2,4–5 hrs,2–4 hrs,Not at all,Not at all,More than half the days,Not at all,Not at all,Very often,Fairly often,75–90%
sdv-id-FDFBRT,19,1,5–6 hrs,4–6 hrs,Several days,Not at all,Several days,Several days,Not at all,Almost never,Very often,90%+
sdv-id-gzWVTL,20,3,7–8 hrs,4–6 hrs,Several days,Several days,Not at all,Not at all,Several days,Very often,Very often,75–90%
sdv-id-aEuxjz,18,3,6–7 hrs,4–6 hrs,Several days,Several days,Not at all,Several days,Several days,Almost never,Almost never,60–75%
sdv-id-VQWsix,21,3,4–5 hrs,6–8 hrs,More than half the days,More than half the days,Not at all,Not at all,More than half the days,Almost never,Sometimes,75–90%
sdv-id-pGmERN,20,3,7–8 hrs,2–4 hrs,More than half the days,Not at all,Several days,Not at all,More than half the days,Almost never,Sometimes,75–90%
sdv-id-yZVzxr,21,3,<4 hrs,4–6 hrs,Several days,More than half the days,Several days,Several days,Several days,Almost never,Never,75–90%
sdv-id-opwBNi,22,2,5–6 hrs,6–8 hrs,Not at all,More than half the days,Not at all,More than half the days,More than half the days,Sometimes,Sometimes,90%+
sdv-id-UScUIU,17,2,7–8 hrs,4–6 hrs,Several days,More than half the days,Several days,Several days,More than half the days,Fairly often,Fairly often,75–90%
sdv-id-UuwtgM,21,3,<4 hrs,4–6 hrs,Several days,Several days,More than half the days,Several days,Not at all,Very often,Sometimes,75–90%
sdv-id-Bynfni,23,1,7–8 hrs,6–8 hrs,Several days,More than half the days,Not at all,Several days,Nearly every day,Almost never,Fairly often,75–90%
sdv-id-EeEfgK,21,3,5–6 hrs,2–4 hrs,Nearly every day,Several days,Not at all,Not at all,Not at all,Fairly often,Fairly often,90%+
sdv-id-fZQFeu,23,3,6–7 hrs,4–6 hrs,Several days,More than half the days,Not at all,Several days,Several days,Almost never,Almost never,<60%
sdv-id-LoAjed,19,3,4–5 hrs,6–8 hrs,Several days,More than half the days,Not at all,Several days,Not at all,Sometimes,Almost never,90%+
sdv-id-nsdnqm,18,4,6–7 hrs,6–8 hrs,Not at all,Not at all,Not at all,Several days,Not at all,Fairly often,Sometimes,<60%
sdv-id-mSPJeg,22,3,5–6 hrs,4–6 hrs,More than half the days,Several days,More than half the days,Not at all,More than half the days,Very often,Almost never,60–75%
sdv-id-wKsJMH,22,1,<4 hrs,2–4 hrs,Not at all,Not at all,More than half the days,More than half the days,Several days,Almost never,Sometimes,75–90%
sdv-id-HuDSyg,22,2,6–7 hrs,4–6 hrs,Not at all,More than half the days,More than half the days,Not at all,More than half the days,Sometimes,Almost never,75–90%
sdv-id-xUvtwP,19,4,4–5 hrs,4–6 hrs,More than half the days,Nearly every day,Several days,Not at all,Not at all,Very often,Sometimes,75–90%
sdv-id-kZjlcE,20,4,<4 hrs,4–6 hrs,Not at all,More than half the days,More than half the days,Not at all,Not at all,Fairly often,Sometimes,75–90%
sdv-id-hkQrIo,22,2,<4 hrs,4–6 hrs,Several days,Not at all,More than half the days,Several days,More than half the days,Fairly often,Fairly often,90%+
sdv-id-CJrFvI,23,1,<4 hrs,4–6 hrs,Not at all,Several days,Not at all,Not at all,Not at all,Almost never,Fairly often,75–90%
sdv-id-UMKZNw,22,2,6–7 hrs,8+ hrs,Nearly every day,Not at all,More than half the days,Nearly every day,Several days,Sometimes,Sometimes,75–90%
sdv-id-xnnaOr,22,3,<4 hrs,4–6 hrs,Several days,Several days,Several days,Several days,Several days,Sometimes,Almost never,60–75%
sdv-id-ZRDfmU,18,3,7–8 hrs,6–8 hrs,Nearly every day,More than half the days,More than half the days,Several days,Nearly every day,Fairly often,Almost never,75–90%
sdv-id-fdRYyN,21,4,6–7 hrs,4–6 hrs,More than half the days,More than half the days,More than half the days,Several days,Not at all,Almost never,Sometimes,60–75%
sdv-id-sahoht,17,2,5–6 hrs,4–6 hrs,Not at all,More than half the days,More than half the days,More than half the days,Nearly every day,Almost never,Sometimes,60–75%
sdv-id-pRKIvn,22,3,6–7 hrs,4–6 hrs,Several days,Several days,Several days,Several days,Several days,Almost never,Almost never,60–75%
sdv-id-niSsvy,18,2,5–6 hrs,6–8 hrs,Several days,Several days,Not at all,Several days,More than half the days,Almost never,Sometimes,60–75%
sdv-id-zLKHkm,22,3,5–6 hrs,2–4 hrs,Several days,More than half the days,More than half the days,Not at all,Several days,Almost never,Almost never,75–90%
sdv-id-GyymQi,23,1,4–5 hrs,4–6 hrs,More than half the days,More than half the days,More than half the days,Not at all,Not at all,Almost never,Fairly often,60–75%
sdv-id-KjYKTR,18,1,7–8 hrs,4–6 hrs,More than half the days,Several days,More than half the days,Several days,Not at all,Never,Almost never,75–90%
sdv-id-drmUct,19,2,6–7 hrs,6–8 hrs,Several days,Several days,Several days,Not at all,Not at all,Sometimes,Sometimes,75–90%
sdv-id-GwPVrN,19,2,6–7 hrs,4–6 hrs,Several days,Not at all,Not at all,Several days,More than half the days,Almost never,Fairly often,90%+
sdv-id-PMiRWo,21,4,5–6 hrs,4–6 hrs,Several days,Not at all,Several days,Several days,Not at all,Almost never,Fairly often,60–75%
sdv-id-yORClS,19,4,<4 hrs,2–4 hrs,Not at all,Not at all,More than half the days,More than half the days,More than half the days,Sometimes,Sometimes,75–90%
sdv-id-NolLgU,18,2,7–8 hrs,4–6 hrs,Several days,More than half the days,More than half the days,Several days,More than half the days,Fairly often,Sometimes,<60%
sdv-id-uwDMKo,23,2,5–6 hrs,6–8 hrs,Several days,Several days,Several days,Several days,Several days,Almost never,Almost never,75–90%
sdv-id-EvujxW,19,2,4–5 hrs,6–8 hrs,Several days,Not at all,Not at all,Several days,Several days,Fairly often,Sometimes,75–90%
sdv-id-KxiNZF,23,3,6–7 hrs,6–8 hrs,Several days,Several days,Several days,More than half the days,Not at all,Sometimes,Fairly often,75–90%
sdv-id-OAQIDS,19,2,7–8 hrs,2–4 hrs,More than half the days,More than half the days,Not at all,Not at all,More than half the days,Very often,Sometimes,<60%
sdv-id-kkDABd,22,3,<4 hrs,4–6 hrs,Several days,Several days,Several days,Several days,Not at all,Almost never,Fairly often,90%+
sdv-id-IZETOf,19,2,4–5 hrs,4–6 hrs,Several days,Not at all,Not at all,Several days,Not at all,Almost never,Almost never,75–90%
sdv-id-VnIetA,19,2,6–7 hrs,4–6 hrs,Not at all,Several days,Not at all,Several days,Not at all,Almost never,Sometimes,75–90%
sdv-id-rUjFsk,19,1,6–7 hrs,4–6 hrs,Nearly every day,More than half the days,More than half the days,Not at all,More than half the days,Almost never,Almost never,90%+
sdv-id-NGAUgw,22,3,<4 hrs,4–6 hrs,Nearly every day,Nearly every day,Not at all,More than half the days,Several days,Almost never,Sometimes,<60%
sdv-id-ZAxXEg,17,1,7–8 hrs,4–6 hrs,More than half the days,More than half the days,Not at all,Not at all,More than half the days,Almost never,Never,60–75%
sdv-id-UoZfaH,22,4,4–5 hrs,2–4 hrs,More than half the days,More than half the days,Several days,Not at all,Not at all,Almost never,Fairly often,60–75%
sdv-id-pAPAlt,18,1,6–7 hrs,4–6 hrs,Nearly every day,Not at all,Not at all,Nearly every day,Nearly every day,Sometimes,Almost never,60–75%
sdv-id-lCFgVf,23,3,6–7 hrs,4–6 hrs,Several days,Several days,Several days,Several days,Several days,Almost never,Almost never,<60%
sdv-id-jfNfPb,18,3,7–8 hrs,2–4 hrs,More than half the days,More than half the days,More than half the days,More than half the days,Not at all,Sometimes,Never,<60%
sdv-id-QBOExO,17,2,7–8 hrs,4–6 hrs,Several days,More than half the days,Not at all,Several days,More than half the days,Never,Almost never,90%+
sdv-id-JikMwF,22,2,<4 hrs,4–6 hrs,Several days,Several days,More than half the days,Several days,Several days,Almost never,Almost never,75–90%
sdv-id-TmuVpJ,21,1,<4 hrs,6–8 hrs,Several days,Several days,Several days,Several days,Several days,Almost never,Sometimes,75–90%
sdv-id-FbdAxv,17,3,6–7 hrs,4–6 hrs,Nearly every day,More than half the days,Several days,Not at all,Not at all,Almost never,Sometimes,90%+
sdv-id-oDKRKe,17,1,6–7 hrs,4–6 hrs,Several days,Several days,Not at all,Several days,Several days,Almost never,Almost never,75–90%
sdv-id-kEhiuD,18,3,6–7 hrs,6–8 hrs,Several days,Not at all,More than half the days,Several days,Several days,Almost never,Sometimes,75–90%
sdv-id-SjXcct,19,2,4–5 hrs,4–6 hrs,Nearly every day,More than half the days,More than half the days,More than half the days,More than half the days,Almost never,Sometimes,60–75%
sdv-id-okbxqP,20,2,5–6 hrs,4–6 hrs,Not at all,Several days,Several days,Several days,More than half the days,Almost never,Almost never,75–90%
sdv-id-DTgtZk,18,2,<4 hrs,4–6 hrs,Several days,Several days,Several days,Several days,Not at all,Fairly often,Almost never,75–90%
sdv-id-ydoCBL,22,3,7–8 hrs,2–4 hrs,More than half the days,More than half the days,Not at all,Nearly every day,More than half the days,Sometimes,Very often,75–90%
sdv-id-BKPVdL,18,2,4–5 hrs,2–4 hrs,Nearly every day,More than half the days,Several days,Not at all,More than half the days,Almost never,Sometimes,75–90%
sdv-id-IJvNHH,22,3,6–7 hrs,2–4 hrs,More than half the days,Several days,Not at all,Nearly every day,Several days,Fairly often,Fairly often,75–90%
sdv-id-ePeaHL,18,2,6–7 hrs,4–6 hrs,More than half the days,More than half the days,Several days,Not at all,Several days,Sometimes,Sometimes,75–90%
sdv-id-BtVRuv,22,2,5–6 hrs,6–8 hrs,Several days,Not at all,Several days,Several days,Not at all,Sometimes,Sometimes,90%+
sdv-id-NxtHsg,22,3,5–6 hrs,6–8 hrs,Not at all,More than half the days,More than half the days,More than half the days,Not at all,Sometimes,Fairly often,75–90%
sdv-id-wmKwWo,22,2,6–7 hrs,4–6 hrs,Several days,More than half the days,More than half the days,Not at all,More than half the days,Almost never,Sometimes,60–75%
sdv-id-pooETn,19,3,7–8 hrs,4–6 hrs,Several days,Several days,Several days,Several days,Several days,Almost never,Almost never,60–75%
sdv-id-EVcVpP,21,3,<4 hrs,4–6 hrs,Several days,Several days,More than half the days,Not at all,Not at all,Almost never,Very often,75–90%
sdv-id-lcgJmy,20,2,4–5 hrs,2–4 hrs,Several days,Not at all,Not at all,Several days,More than half the days,Almost never,Almost never,90%+
sdv-id-CqEuLq,17,3,5–6 hrs,4–6 hrs,Several days,Several days,More than half the days,Several days,Not at all,Fairly often,Sometimes,75–90%
sdv-id-hXpsrx,23,3,5–6 hrs,4–6 hrs,More than half the days,More than half the days,More than half the days,Not at all,Not at all,Very often,Sometimes,75–90%
sdv-id-UdcsyY,23,3,6–7 hrs,6–8 hrs,Not at all,More than half the days,More than half the days,Several days,More than half the days,Fairly often,Sometimes,60–75%
sdv-id-wXDzxQ,21,1,6–7 hrs,6–8 hrs,More than half the days,Not at all,Several days,Not at all,Nearly every day,Very often,Almost never,75–90%
sdv-id-indlvp,19,3,6–7 hrs,4–6 hrs,Several days,Several days,More than half the days,Several days,More than half the days,Sometimes,Almost never,75–90%
sdv-id-lsinBt,19,1,<4 hrs,6–8 hrs,Several days,Several days,Several days,Several days,Several days,Fairly often,Almost never,75–90%
sdv-id-vsumjH,21,2,<4 hrs,4–6 hrs,More than half the days,Not at all,More than half the days,Not at all,More than half the days,Fairly often,Fairly often,75–90%
sdv-id-DyOaQN,19,4,6–7 hrs,4–6 hrs,Not at all,Not at all,More than half the days,Several days,More than half the days,Fairly often,Almost never,90%+
sdv-id-fOfxRq,23,1,6–7 hrs,4–6 hrs,Several days,More than half the days,More than half the days,More than half the days,Not at all,Sometimes,Sometimes,75–90%
sdv-id-oVCYDO,22,3,5–6 hrs,4–6 hrs,Several days,Not at all,More than half the days,Not at all,More than half the days,Almost never,Sometimes,60–75%
sdv-id-urohQs,23,1,5–6 hrs,4–6 hrs,Not at all,Not at all,More than half the days,More than half the days,Several days,Sometimes,Sometimes,75–90%
sdv-id-NQrUgK,18,3,5–6 hrs,4–6 hrs,More than half the days,Several days,More than half the days,Not at all,Not at all,Almost never,Very often,75–90%
sdv-id-VuFcFL,21,3,<4 hrs,2–4 hrs,Nearly every day,Several days,More than half the days,Several days,Several days,Very often,Sometimes,75–90%
sdv-id-MPstuU,21,3,5–6 hrs,4–6 hrs,Several days,Several days,Several days,Not at all,Several days,Almost never,Fairly often,90%+
sdv-id-wjonlS,21,1,6–7 hrs,6–8 hrs,Several days,Not at all,Several days,Several days,Several days,Almost never,Very often,75–90%
sdv-id-PdicEl,20,3,6–7 hrs,2–4 hrs,Several days,Several days,Several days,Not at all,Nearly every day,Sometimes,Almost never,75–90%
sdv-id-aTPwio,21,1,6–7 hrs,4–6 hrs,Nearly every day,More than half the days,More than half the days,Not at all,More than half the days,Almost never,Fairly often,75–90%
sdv-id-CoFlmA,18,3,7–8 hrs,4–6 hrs,Several days,Several days,More than half the days,Several days,More than half the days,Almost never,Fairly often,90%+
sdv-id-yWjRLP,17,3,7–8 hrs,4–6 hrs,Several days,Not at all,Not at all,Not at all,Not at all,Fairly often,Almost never,90%+
sdv-id-WOplrK,20,3,5–6 hrs,4–6 hrs,Nearly every day,Several days,More than half the days,More than half the days,More than half the days,Almost never,Sometimes,90%+
sdv-id-Rwikkj,17,3,4–5 hrs,6–8 hrs,Not at all,Several days,Several days,Several days,More than half the days,Fairly often,Fairly often,75–90%
sdv-id-ceaugz,21,3,<4 hrs,4–6 hrs,Several days,More than half the days,Not at all,More than half the days,Several days,Sometimes,Never,75–90%
sdv-id-AEPqFa,20,4,6–7 hrs,6–8 hrs,Not at all,More than half the days,More than half the days,Several days,More than half the days,Almost never,Sometimes,60–75%
sdv-id-ksNDXK,21,3,<4 hrs,2–4 hrs,Not at all,Several days,Not at all,Several days,More than half the days,Almost never,Very often,60–75%
sdv-id-DuYTmr,23,2,<4 hrs,8+ hrs,Not at all,Several days,More than half the days,Not at all,Several days,Sometimes,Sometimes,75–90%
sdv-id-xvHmzt,19,2,7–8 hrs,4–6 hrs,Several days,More than half the days,Not at all,Several days,Not at all,Almost never,Very often,75–90%
sdv-id-fDymev,20,3,4–5 hrs,6–8 hrs,Several days,Not at all,Several days,Several days,Not at all,Fairly often,Sometimes,90%+
sdv-id-jEgHdl,19,1,7–8 hrs,6–8 hrs,Not at all,Several days,Not at all,Several days,Not at all,Almost never,Almost never,75–90%
sdv-id-uYJPpM,20,1,4–5 hrs,4–6 hrs,Nearly every day,Not at all,Several days,More than half the days,Not at all,Sometimes,Sometimes,90%+
sdv-id-vJGlrB,21,3,5–6 hrs,4–6 hrs,Several days,Several days,More than half the days,Several days,Not at all,Sometimes,Sometimes,90%+
sdv-id-fzgmTt,23,3,<4 hrs,6–8 hrs,More than half the days,Not at all,More than half the days,More than half the days,Several days,Sometimes,Sometimes,75–90%
sdv-id-PKPsAE,23,3,5–6 hrs,4–6 hrs,Not at all,Several days,Not at all,Several days,Several days,Sometimes,Almost never,75–90%
sdv-id-simxna,23,3,6–7 hrs,8+ hrs,Nearly every day,Nearly every day,Not at all,Nearly every day,Several days,Almost never,Sometimes,90%+
sdv-id-cHgARP,19,3,7–8 hrs,6–8 hrs,Nearly every day,Nearly every day,More than half the days,More than half the days,Not at all,Almost never,Sometimes,90%+
sdv-id-cekOXG,23,1,<4 hrs,6–8 hrs,Several days,More than half the days,Several days,Several days,Several days,Almost never,Sometimes,75–90%
sdv-id-rytGkf,21,3,7–8 hrs,4–6 hrs,Not at all,More than half the days,Several days,Several days,Not at all,Fairly often,Sometimes,75–90%
sdv-id-DXDzlW,20,2,6–7 hrs,4–6 hrs,Several days,Several days,Several days,Several days,Nearly every day,Fairly often,Fairly often,75–90%
sdv-id-uYYdbi,19,3,4–5 hrs,6–8 hrs,Several days,More than half the days,More than half the days,Several days,Nearly every day,Almost never,Very often,60–75%
sdv-id-CscbYY,18,3,7–8 hrs,6–8 hrs,Nearly every day,Several days,Several days,More than half the days,Several days,Almost never,Sometimes,75–90%
sdv-id-OxgfVV,22,1,5–6 hrs,8+ hrs,Several days,Several days,Several days,Several days,Several days,Very often,Almost never,60–75%
sdv-id-aAiohW,17,2,5–6 hrs,4–6 hrs,Several days,Several days,Not at all,Not at all,Not at all,Sometimes,Fairly often,<60%
sdv-id-kfqqiJ,18,4,7–8 hrs,6–8 hrs,Several days,More than half the days,Several days,Several days,More than half the days,Almost never,Never,75–90%
sdv-id-oOpqtU,18,1,7–8 hrs,4–6 hrs,Nearly every day,Not at all,Not at all,Several days,More than half the days,Fairly often,Almost never,75–90%
sdv-id-ZsOUTK,18,3,7–8 hrs,8+ hrs,More than half the days,Several days,Several days,More than half the days,Not at all,Fairly often,Fairly often,75–90%
sdv-id-rlgDJF,20,1,6–7 hrs,4–6 hrs,Not at all,More than half the days,Not at all,Not at all,Several days,Sometimes,Sometimes,75–90%
sdv-id-cbDVvM,23,2,6–7 hrs,6–8 hrs,Nearly every day,More than half the days,Not at all,More than half the days,More than half the days,Almost never,Sometimes,90%+
sdv-id-LtNTFD,21,2,<4 hrs,4–6 hrs,Several days,Not at all,Several days,Several days,Not at all,Fairly often,Fairly often,75–90%
sdv-id-RENIXi,22,3,4–5 hrs,2–4 hrs,Not at all,More than half the days,More than half the days,Several days,More than half the days,Almost never,Fairly often,75–90%
sdv-id-qxVPQg,19,1,6–7 hrs,4–6 hrs,More than half the days,More than half the days,Several days,Not at all,Nearly every day,Almost never,Sometimes,75–90%
sdv-id-VTONin,23,1,5–6 hrs,4–6 hrs,Not at all,More than half the days,More than half the days,Nearly every day,Several days,Sometimes,Sometimes,75–90%
sdv-id-vutFvC,18,1,7–8 hrs,6–8 hrs,Not at all,More than half the days,Not at all,Not at all,Nearly every day,Almost never,Fairly often,60–75%
sdv-id-TZzIwx,20,3,4–5 hrs,4–6 hrs,Not at all,Several days,More than half the days,Not at all,Several days,Sometimes,Very often,75–90%
sdv-id-xLBYYr,19,3,7–8 hrs,4–6 hrs,Nearly every day,More than half the days,Several days,Not at all,Not at all,Sometimes,Sometimes,75–90%
sdv-id-aSVnbn,17,3,7–8 hrs,4–6 hrs,Several days,Several days,More than half the days,Several days,Several days,Almost never,Sometimes,75–90%
sdv-id-jvIMvO,18,4,6–7 hrs,4–6 hrs,Several days,More than half the days,More than half the days,Not at all,Nearly every day,Almost never,Sometimes,75–90%
sdv-id-qJtuxk,17,1,7–8 hrs,4–6 hrs,More than half the days,More than half the days,Not at all,Not at all,Nearly every day,Fairly often,Fairly often,75–90%
sdv-id-PNebWE,21,1,6–7 hrs,4–6 hrs,More than half the days,More than half the days,More than half the days,Not at all,Nearly every day,Almost never,Sometimes,75–90%
sdv-id-fEsOLW,20,2,4–5 hrs,4–6 hrs,More than half the days,Nearly every day,More than half the days,Not at all,Nearly every day,Fairly often,Sometimes,60–75%
sdv-id-lnRsDR,21,2,6–7 hrs,4–6 hrs,Nearly every day,More than half the days,More than half the days,More than half the days,Nearly every day,Almost never,Very often,75–90%
sdv-id-YEBSDX,21,2,6–7 hrs,4–6 hrs,Several days,Not at all,More than half the days,Several days,More than half the days,Fairly often,Fairly often,75–90%
sdv-id-ipETQK,20,4,6–7 hrs,6–8 hrs,More than half the days,More than half the days,Not at all,Not at all,Not at all,Very often,Almost never,75–90%
sdv-id-uWdWwC,21,3,<4 hrs,4–6 hrs,Several days,More than half the days,More than half the days,More than half the days,Not at all,Almost never,Fairly often,60–75%
sdv-id-ZJGFgr,21,3,7–8 hrs,6–8 hrs,Several days,Not at all,Not at all,Several days,Not at all,Almost never,Sometimes,75–90%
sdv-id-suzcIK,19,1,5–6 hrs,4–6 hrs,Several days,Several days,Not at all,Several days,Several days,Sometimes,Sometimes,75–90%
sdv-id-nXsRaN,21,3,4–5 hrs,4–6 hrs,Nearly every day,Not at all,Several days,More than half the days,More than half the days,Almost never,Fairly often,<60%
sdv-id-yqHViL,20,2,6–7 hrs,6–8 hrs,Several days,Several days,Several days,Several days,Several days,Almost never,Fairly often,75–90%
sdv-id-TvzSBz,22,2,4–5 hrs,6–8 hrs,Several days,More than half the days,More than half the days,Not at all,Several days,Very often,Sometimes,60–75%
sdv-id-FClIce,20,3,<4 hrs,2–4 hrs,More than half the days,Not at all,Not at all,More than half the days,Not at all,Sometimes,Very often,90%+
sdv-id-arYiXd,22,3,6–7 hrs,2–4 hrs,Several days,More than half the days,More than half the days,Not at all,Not at all,Very often,Sometimes,60–75%
sdv-id-jPpffU,22,1,5–6 hrs,2–4 hrs,Several days,Not at all,Not at all,Several days,More than half the days,Almost never,Very often,75–90%
sdv-id-DBLLBO,18,2,7–8 hrs,6–8 hrs,More than half the days,Nearly every day,More than half the days,More than half the days,Not at all,Sometimes,Never,75–90%
sdv-id-BMntQk,18,1,6–7 hrs,4–6 hrs,Several days,Not at all,Not at all,Several days,More than half the days,Very often,Fairly often,75–90%
sdv-id-mnbnxi,22,3,4–5 hrs,6–8 hrs,Nearly every day,More than half the days,More than half the days,Nearly every day,Not at all,Sometimes,Sometimes,75–90%
sdv-id-nWGpIA,23,3,5–6 hrs,6–8 hrs,More than half the days,Not at all,More than half the days,Several days,Several days,Almost never,Almost never,75–90%
sdv-id-NmGaXm,18,3,7–8 hrs,6–8 hrs,Several days,More than half the days,Not at all,Not at all,Nearly every day,Almost never,Almost never,75–90%
sdv-id-somioZ,17,4,5–6 hrs,6–8 hrs,Not at all,More than half the days,Not at all,More than half the days,Several days,Almost never,Sometimes,75–90%
sdv-id-CovBoo,20,2,6–7 hrs,6–8 hrs,Several days,Nearly every day,More than half the days,Several days,Nearly every day,Almost never,Fairly often,75–90%
sdv-id-BuvdlE,21,1,6–7 hrs,4–6 hrs,Several days,More than half the days,More than half the days,More than half the days,More than half the days,Almost never,Almost never,75–90%
sdv-id-aUOkPZ,22,3,7–8 hrs,4–6 hrs,Nearly every day,Not at all,More than half the days,More than half the days,More than half the days,Almost never,Very often,75–90%
sdv-id-nfGFnJ,17,1,6–7 hrs,6–8 hrs,Several days,Several days,More than half the days,More than half the days,More than half the days,Sometimes,Fairly often,75–90%
sdv-id-zunIsh,19,2,4–5 hrs,4–6 hrs,More than half the days,Nearly every day,Several days,Not at all,Not at all,Almost never,Never,75–90%
sdv-id-SFdcyT,18,3,7–8 hrs,4–6 hrs,Several days,Not at all,Not at all,Several days,Nearly every day,Almost never,Fairly often,90%+
sdv-id-dYinLP,20,3,7–8 hrs,6–8 hrs,More than half the days,Not at all,Several days,Several days,Several days,Almost never,Sometimes,60–75%
sdv-id-CkJtSK,21,3,5–6 hrs,2–4 hrs,Not at all,Several days,Several days,Several days,Several days,Almost never,Sometimes,75–90%
sdv-id-aRSvfZ,21,3,<4 hrs,6–8 hrs,Several days,Several days,More than half the days,Several days,Not at all,Fairly often,Fairly often,75–90%
sdv-id-jLZtzF,23,3,5–6 hrs,6–8 hrs,Nearly every day,Several days,Several days,Not at all,Not at all,Almost never,Sometimes,<60%
sdv-id-jzZHGc,17,1,<4 hrs,6–8 hrs,Not at all,Several days,Several days,Not at all,More than half the days,Almost never,Sometimes,<60%
sdv-id-nJQMIw,22,2,7–8 hrs,6–8 hrs,Nearly every day,Not at all,More than half the days,Nearly every day,Not at all,Almost never,Very often,75–90%
sdv-id-wWgqjo,18,3,<4 hrs,4–6 hrs,Several days,Several days,More than half the days,Several days,Nearly every day,Sometimes,Fairly often,75–90%
sdv-id-mBdchU,20,2,4–5 hrs,6–8 hrs,Nearly every day,More than half the days,Several days,More than half the days,More than half the days,Almost never,Fairly often,60–75%
sdv-id-uDpjdn,20,3,7–8 hrs,2–4 hrs,More than half the days,Several days,More than half the days,More than half the days,Several days,Almost never,Almost never,<60%
sdv-id-NUGara,21,3,<4 hrs,4–6 hrs,Not at all,Several days,More than half the days,More than half the days,Several days,Sometimes,Sometimes,75–90%
sdv-id-ZLFHGH,18,3,6–7 hrs,4–6 hrs,Nearly every day,Several days,Several days,More than half the days,More than half the days,Almost never,Almost never,60–75%
sdv-id-yLRfsI,19,2,7–8 hrs,4–6 hrs,Several days,Several days,Several days,Several days,More than half the days,Fairly often,Fairly often,75–90%
sdv-id-wDnCEt,23,3,6–7 hrs,4–6 hrs,Not at all,Several days,More than half the days,Not at all,Several days,Very often,Very often,75–90%
sdv-id-LRkNdi,18,1,6–7 hrs,6–8 hrs,Not at all,Not at all,More than half the days,Not at all,Not at all,Almost never,Almost never,75–90%
sdv-id-xTIcqb,20,1,4–5 hrs,4–6 hrs,Not at all,Several days,Not at all,Not at all,Not at all,Fairly often,Fairly often,75–90%
sdv-id-ndMlkS,20,2,7–8 hrs,4–6 hrs,Nearly every day,Nearly every day,More than half the days,Not at all,More than half the days,Almost never,Sometimes,75–90%
sdv-id-drjhlO,21,4,5–6 hrs,8+ hrs,Several days,More than half the days,More than half the days,Not at all,More than half the days,Almost never,Sometimes,75–90%
sdv-id-BhyFGa,19,2,4–5 hrs,6–8 hrs,Not at all,Several days,Several days,Several days,Not at all,Almost never,Sometimes,75–90%
sdv-id-ByCoOU,17,3,7–8 hrs,4–6 hrs,Not at all,Not at all,Several days,Several days,Several days,Almost never,Sometimes,75–90%
sdv-id-beHvML,20,3,6–7 hrs,4–6 hrs,Several days,More than half the days,More than half the days,Several days,More than half the days,Almost never,Almost never,75–90%
sdv-id-dlxuGH,21,1,7–8 hrs,4–6 hrs,More than half the days,Not at all,Not at all,Several days,Several days,Almost never,Sometimes,60–75%
sdv-id-aEBNIH,18,2,7–8 hrs,4–6 hrs,Several days,Several days,Several days,Several days,More than half the days,Fairly often,Fairly often,60–75%
sdv-id-fDIqsw,23,3,7–8 hrs,4–6 hrs,Several days,More than half the days,More than half the days,Not at all,More than half the days,Almost never,Sometimes,90%+
sdv-id-pqYMau,19,3,7–8 hrs,4–6 hrs,Several days,Not at all,Several days,Several days,Several days,Fairly often,Fairly often,60–75%
sdv-id-OZlAxJ,18,3,6–7 hrs,4–6 hrs,Several days,Not at all,Not at all,Not at all,More than half the days,Almost never,Fairly often,75–90%
sdv-id-wEMTqG,18,2,6–7 hrs,4–6 hrs,Not at all,Nearly every day,Not at all,Nearly every day,Nearly every day,Sometimes,Sometimes,75–90%
sdv-id-aeMLky,22,3,7–8 hrs,4–6 hrs,Nearly every day,More than half the days,Several days,Nearly every day,More than half the days,Very often,Almost never,90%+
sdv-id-HQPxQx,23,3,5–6 hrs,6–8 hrs,Several days,Several days,More than half the days,Not at all,Several days,Sometimes,Almost never,<60%
sdv-id-amYfwK,19,1,<4 hrs,6–8 hrs,More than half the days,Not at all,More than half the days,Not at all,Several days,Sometimes,Sometimes,75–90%
sdv-id-VTkihe,19,4,<4 hrs,4–6 hrs,Not at all,Not at all,Not at all,Several days,Several days,Fairly often,Almost never,60–75%
sdv-id-uTDqrT,18,1,5–6 hrs,4–6 hrs,Several days,Not at all,Not at all,Several days,Several days,Almost never,Sometimes,<60%
sdv-id-fLxOXM,20,3,7–8 hrs,4–6 hrs,Several days,Not at all,More than half the days,Several days,More than half the days,Fairly often,Fairly often,60–75%
sdv-id-mzIrSV,22,3,<4 hrs,4–6 hrs,Several days,Not at all,More than half the days,Several days,Not at all,Almost never,Sometimes,75–90%
sdv-id-ruDyNi,20,3,5–6 hrs,2–4 hrs,Not at all,Several days,Several days,Not at all,Several days,Almost never,Sometimes,90%+
sdv-id-wxzGkG,18,3,7–8 hrs,8+ hrs,Not at all,More than half the days,Not at all,More than half the days,Not at all,Fairly often,Almost never,75–90%
sdv-id-CWHPTN,22,3,6–7 hrs,4–6 hrs,Several days,Several days,Several days,Not at all,Several days,Sometimes,Sometimes,75–90%
sdv-id-arPrFr,22,4,<4 hrs,6–8 hrs,More than half the days,More than half the days,Not at all,More than half the days,Nearly every day,Very often,Fairly often,90%+
sdv-id-uAyTZt,18,4,4–5 hrs,6–8 hrs,Nearly every day,Several days,Several days,Not at all,More than half the days,Fairly often,Fairly often,60–75%
sdv-id-kRIlFY,22,4,6–7 hrs,4–6 hrs,Nearly every day,More than half the days,More than half the days,More than half the days,Several days,Almost never,Sometimes,75–90%
sdv-id-qIFUGS,17,2,7–8 hrs,4–6 hrs,Not at all,More than half the days,Not at all,Several days,Several days,Never,Fairly often,75–90%
sdv-id-QXDMpq,20,2,6–7 hrs,6–8 hrs,Not at all,More than half the days,More than half the days,Not at all,More than half the days,Very often,Sometimes,75–90%
sdv-id-jrDdft,18,1,6–7 hrs,6–8 hrs,Several days,More than half the days,Several days,Several days,Several days,Almost never,Sometimes,90%+
sdv-id-UFOELg,23,4,6–7 hrs,4–6 hrs,Several days,More than half the days,More than half the days,Several days,Several days,Almost never,Sometimes,90%+
sdv-id-CoWdfK,17,2,6–7 hrs,6–8 hrs,Not at all,Not at all,More than half the days,Several days,More than half the days,Almost never,Fairly often,75–90%
sdv-id-sVbpsN,22,1,<4 hrs,6–8 hrs,Several days,Not at all,Several days,Not at all,Several days,Sometimes,Never,75–90%
sdv-id-RPWcpU,21,2,5–6 hrs,4–6 hrs,More than half the days,More than half the days,More than half the days,More than half the days,More than half the days,Almost never,Fairly often,75–90%
sdv-id-ISIDSU,22,3,6–7 hrs,4–6 hrs,Several days,Several days,Several days,Several days,Not at all,Very often,Very often,60–75%
sdv-id-soUPbH,18,2,7–8 hrs,2–4 hrs,Nearly every day,More than half the days,Not at all,Not at all,More than half the days,Almost never,Never,90%+
sdv-id-gXCsBq,17,3,7–8 hrs,4–6 hrs,Several days,Several days,Not at all,Several days,Several days,Almost never,Sometimes,75–90%
sdv-id-wAspyl,23,2,<4 hrs,8+ hrs,Not at all,More than half the days,More than half the days,More than half the days,Several days,Very often,Sometimes,75–90%
sdv-id-OOYOjV,19,3,7–8 hrs,2–4 hrs,Nearly every day,More than half the days,Several days,Not at all,Not at all,Fairly often,Sometimes,75–90%
sdv-id-CsFeEl,17,2,6–7 hrs,4–6 hrs,Not at all,Not at all,More than half the days,Not at all,More than half the days,Almost never,Sometimes,75–90%
sdv-id-XAkdiA,21,4,5–6 hrs,4–6 hrs,Not at all,Several days,Several days,Not at all,Not at all,Sometimes,Almost never,90%+
sdv-id-ncNzhn,18,2,7–8 hrs,4–6 hrs,Nearly every day,Not at all,Several days,Nearly every day,Nearly every day,Almost never,Almost never,90%+
sdv-id-OnIaGv,22,2,<4 hrs,6–8 hrs,More than half the days,Several days,More than half the days,Not at all,Nearly every day,Almost never,Fairly often,75–90%
sdv-id-EJlJbr,21,3,7–8 hrs,4–6 hrs,Several days,More than half the days,More than half the days,Several days,More than half the days,Almost never,Very often,75–90%
sdv-id-WTrlBC,23,2,5–6 hrs,6–8 hrs,Several days,Not at all,More than half the days,Several days,Not at all,Almost never,Almost never,75–90%
sdv-id-JngVRH,19,3,6–7 hrs,4–6 hrs,Several days,Not at all,Several days,Several days,Nearly every day,Very often,Fairly often,75–90%
sdv-id-pXfMfE,21,3,6–7 hrs,4–6 hrs,Several days,Several days,Not at all,Several days,Several days,Almost never,Almost never,75–90%
sdv-id-UsNgwG,21,3,6–7 hrs,6–8 hrs,Nearly every day,Not at all,Not at all,Nearly every day,Not at all,Almost never,Sometimes,75–90%
sdv-id-TElqgF,17,3,7–8 hrs,8+ hrs,Several days,Not at all,Several days,Several days,Several days,Almost never,Sometimes,75–90%
sdv-id-IhMdxC,22,3,5–6 hrs,8+ hrs,Not at all,Not at all,More than half the days,Not at all,Not at all,Very often,Sometimes,75–90%
sdv-id-VueuCv,18,1,<4 hrs,6–8 hrs,Nearly every day,More than half the days,More than half the days,Nearly every day,Nearly every day,Very often,Sometimes,90%+
sdv-id-boZbEZ,20,4,6–7 hrs,4–6 hrs,Several days,Not at all,Several days,Several days,Not at all,Almost never,Fairly often,60–75%
sdv-id-TnLmFJ,18,3,4–5 hrs,4–6 hrs,Nearly every day,Not at all,More than half the days,Not at all,Nearly every day,Almost never,Almost never,60–75%
sdv-id-NfqQml,23,3,5–6 hrs,6–8 hrs,Not at all,Not at all,More than half the days,Several days,Nearly every day,Fairly often,Sometimes,75–90%
sdv-id-Ozpoki,19,3,6–7 hrs,4–6 hrs,Several days,Several days,Several days,Not at all,More than half the days,Almost never,Very often,75–90%
sdv-id-TSnamd,21,3,6–7 hrs,4–6 hrs,Several days,More than half the days,More than half the days,Not at all,Several days,Almost never,Sometimes,75–90%
sdv-id-sNFIio,20,4,6–7 hrs,4–6 hrs,Not at all,Not at all,Several days,Several days,Not at all,Almost never,Sometimes,75–90%
sdv-id-auHmGw,22,2,7–8 hrs,6–8 hrs,Several days,Not at all,Not at all,Not at all,Several days,Almost never,Very often,60–75%
sdv-id-bdtJqv,21,3,7–8 hrs,4–6 hrs,Several days,Several days,More than half the days,Several days,Several days,Very often,Sometimes,<60%
sdv-id-lyfljN,19,2,6–7 hrs,6–8 hrs,Several days,More than half the days,Several days,Several days,More than half the days,Fairly often,Almost never,75–90%
sdv-id-WVMyAi,19,2,7–8 hrs,6–8 hrs,More than half the days,Not at all,Several days,Several days,Several days,Almost never,Sometimes,75–90%
sdv-id-uWFqUv,22,4,7–8 hrs,6–8 hrs,Not at all,Not at all,Not at all,Not at all,More than half the days,Fairly often,Fairly often,75–90%
sdv-id-BhZVeO,18,2,6–7 hrs,6–8 hrs,Several days,Several days,Several days,Several days,Not at all,Fairly often,Almost never,75–90%
sdv-id-xpjTSb,23,1,6–7 hrs,6–8 hrs,Several days,Several days,Several days,Several days,Several days,Almost never,Almost never,75–90%
sdv-id-EuWEoT,19,3,<4 hrs,4–6 hrs,Nearly every day,More than half the days,Several days,Not at all,More than half the days,Almost never,Sometimes,90%+
sdv-id-CzhdrJ,19,2,6–7 hrs,4–6 hrs,Nearly every day,More than half the days,More than half the days,More than half the days,More than half the days,Almost never,Never,75–90%
sdv-id-cEkrJI,23,3,4–5 hrs,2–4 hrs,Several days,More than half the days,More than half the days,Not at all,Not at all,Almost never,Sometimes,75–90%
sdv-id-Nhcuhw,18,2,7–8 hrs,6–8 hrs,Nearly every day,More than half the days,Not at all,Not at all,Several days,Almost never,Sometimes,75–90%
sdv-id-QqlsiX,23,3,6–7 hrs,2–4 hrs,Nearly every day,More than half the days,Not at all,Nearly every day,Not at all,Sometimes,Sometimes,60–75%
sdv-id-IKTHwn,17,4,7–8 hrs,4–6 hrs,Nearly every day,Not at all,Several days,More than half the days,Not at all,Very often,Sometimes,75–90%
sdv-id-rPOeMA,17,2,6–7 hrs,6–8 hrs,Not at all,Not at all,More than half the days,Not at all,More than half the days,Almost never,Fairly often,60–75%
sdv-id-MWKvCd,18,3,6–7 hrs,6–8 hrs,More than half the days,Several days,More than half the days,Not at all,Several days,Sometimes,Sometimes,75–90%
sdv-id-gTCLsW,22,1,4–5 hrs,4–6 hrs,Several days,Not at all,More than half the days,Not at all,More than half the days,Fairly often,Fairly often,90%+
sdv-id-fcgaOo,22,2,6–7 hrs,6–8 hrs,Not at all,More than half the days,Several days,Several days,Nearly every day,Sometimes,Sometimes,75–90%
sdv-id-QLUfUs,22,1,7–8 hrs,6–8 hrs,Several days,Several days,Several days,Several days,Several days,Never,Almost never,75–90%
sdv-id-dPYiuT,20,2,6–7 hrs,4–6 hrs,More than half the days,More than half the days,More than half the days,Several days,Not at all,Almost never,Almost never,75–90%
sdv-id-LqRpGk,22,3,4–5 hrs,6–8 hrs,Not at all,Not at all,Not at all,More than half the days,Not at all,Almost never,Sometimes,90%+
sdv-id-lMRdTB,18,2,6–7 hrs,4–6 hrs,Several days,More than half the days,More than half the days,Several days,More than half the days,Fairly often,Fairly often,60–75%
sdv-id-AgSLwH,23,3,6–7 hrs,4–6 hrs,Several days,Several days,Several days,Several days,Several days,Very often,Sometimes,90%+
sdv-id-XTHUpa,21,1,6–7 hrs,4–6 hrs,Not at all,More than half the days,More than half the days,Several days,Not at all,Fairly often,Almost never,75–90%
sdv-id-ogjaHZ,20,4,5–6 hrs,8+ hrs,Several days,Several days,Not at all,Several days,Several days,Almost never,Almost never,90%+
sdv-id-fSTInY,22,3,5–6 hrs,4–6 hrs,Several days,Not at all,More than half the days,More than half the days,Several days,Sometimes,Almost never,60–75%
sdv-id-AuermT,19,1,4–5 hrs,4–6 hrs,Several days,Nearly every day,More than half the days,More than half the days,Nearly every day,Almost never,Almost never,90%+
sdv-id-kLsTQi,22,2,4–5 hrs,6–8 hrs,Nearly every day,More than half the days,More than half the days,More than half the days,Not at all,Almost never,Sometimes,90%+
sdv-id-MKgcnY,23,2,7–8 hrs,2–4 hrs,Nearly every day,More than half the days,More than half the days,Not at all,Several days,Almost never,Sometimes,75–90%
sdv-id-agQnQh,20,3,6–7 hrs,2–4 hrs,Not at all,More than half the days,Not at all,Not at all,Several days,Sometimes,Sometimes,75–90%
sdv-id-eHKRav,22,4,5–6 hrs,6–8 hrs,More than half the days,More than half the days,Several days,Several days,Several days,Almost never,Never,90%+
sdv-id-OvYhbi,18,2,6–7 hrs,4–6 hrs,Nearly every day,More than half the days,More than half the days,Nearly every day,Not at all,Sometimes,Sometimes,75–90%
sdv-id-SxfNoN,23,1,6–7 hrs,6–8 hrs,Several days,Not at all,Not at all,Several days,Not at all,Almost never,Sometimes,90%+
sdv-id-nTuNVI,19,2,6–7 hrs,8+ hrs,Nearly every day,More than half the days,Several days,More than half the days,Nearly every day,Almost never,Fairly often,60–75%
sdv-id-LiQIWV,21,3,5–6 hrs,6–8 hrs,Several days,Several days,More than half the days,Nearly every day,Not at all,Sometimes,Fairly often,75–90%
sdv-id-cRfyKa,20,3,5–6 hrs,6–8 hrs,Not at all,More than half the days,More than half the days,More than half the days,Several days,Very often,Never,90%+
sdv-id-yuHatl,21,2,5–6 hrs,8+ hrs,Nearly every day,Not at all,More than half the days,Several days,More than half the days,Almost never,Sometimes,75–90%
sdv-id-tnPONS,17,3,4–5 hrs,4–6 hrs,Not at all,Not at all,More than half the days,Not at all,Nearly every day,Fairly often,Almost never,60–75%
sdv-id-pnCgmx,22,2,6–7 hrs,2–4 hrs,Not at all,Not at all,Several days,Several days,More than half the days,Almost never,Fairly often,75–90%
sdv-id-lpfMhg,23,3,7–8 hrs,6–8 hrs,Several days,More than half the days,Not at all,Not at all,Not at all,Almost never,Almost never,75–90%
sdv-id-pRucpD,18,3,6–7 hrs,4–6 hrs,Several days,Several days,Not at all,Several days,Not at all,Very often,Fairly often,60–75%
sdv-id-nZGNxM,23,3,4–5 hrs,2–4 hrs,More than half the days,More than half the days,More than half the days,Not at all,Not at all,Sometimes,Fairly often,60–75%
sdv-id-sbtsoU,18,1,7–8 hrs,4–6 hrs,Not at all,More than half the days,Several days,More than half the days,Not at all,Almost never,Sometimes,60–75%
sdv-id-tgVUYo,20,3,7–8 hrs,4–6 hrs,Several days,Not at all,Not at all,Several days,Several days,Fairly often,Never,75–90%
sdv-id-XFFxiO,17,2,6–7 hrs,4–6 hrs,More than half the days,Not at all,Several days,Not at all,Several days,Fairly often,Almost never,75–90%
sdv-id-pSAWow,21,3,6–7 hrs,6–8 hrs,Nearly every day,Several days,Several days,Not at all,More than half the days,Almost never,Almost never,60–75%
sdv-id-nVmaEu,18,2,6–7 hrs,4–6 hrs,Several days,Not at all,Not at all,Several days,More than half the days,Almost never,Sometimes,90%+
sdv-id-inoUjY,20,3,<4 hrs,4–6 hrs,Several days,Several days,Several days,Several days,Not at all,Almost never,Sometimes,60–75%
sdv-id-JuTpTv,21,1,6–7 hrs,2–4 hrs,Several days,Not at all,Several days,Several days,More than half the days,Fairly often,Fairly often,75–90%
sdv-id-zrYKiY,22,3,6–7 hrs,4–6 hrs,Several days,Several days,More than half the days,Several days,Not at all,Very often,Sometimes,75–90%
sdv-id-mOsKew,17,2,4–5 hrs,4–6 hrs,Several days,Not at all,Several days,Several days,Several days,Fairly often,Sometimes,75–90%
sdv-id-XZSvTn,22,2,5–6 hrs,4–6 hrs,More than half the days,More than half the days,More than half the days,Not at all,Not at all,Never,Sometimes,90%+
sdv-id-jTsmzd,20,2,4–5 hrs,2–4 hrs,Several days,Several days,Not at all,Not at all,Several days,Almost never,Sometimes,75–90%
sdv-id-VMPwlW,19,3,4–5 hrs,4–6 hrs,Several days,Several days,Several days,Not at all,More than half the days,Almost never,Fairly often,75–90%
sdv-id-awtAis,19,3,4–5 hrs,2–4 hrs,Nearly every day,More than half the days,More than half the days,More than half the days,Not at all,Almost never,Never,75–90%
